Open In Colab;
pip install google-search-results;
Looking in indexes: https://pypi.org/simple, https://us-python.pkg.dev/colab-wheels/public/simple/;
Requirement already satisfied: google-search-results in /usr/local/lib/python3.7/dist-packages (2.4.1);
Requirement already satisfied: requests in /usr/local/lib/python3.7/dist-packages (from google-search-results) (2.23.0);
Requirement already satisfied: certifi>=2017.4.17 in /usr/local/lib/python3.7/dist-packages (from requests->google-search-results) (2022.9.24);
Requirement already satisfied: urllib3!=1.25.0,!=1.25.1,<1.26,>=1.21.1 in /usr/local/lib/python3.7/dist-packages (from requests->google-search-results) (1.24.3);
Requirement already satisfied: chardet<4,>=3.0.2 in /usr/local/lib/python3.7/dist-packages (from requests->google-search-results) (3.0.4);
Requirement already satisfied: idna<3,>=2.5 in /usr/local/lib/python3.7/dist-packages (from requests->google-search-results) (2.10);
from serpapi import GoogleSearch;
;
params = {;
"  ""api_key"": ""b77985061bea13234fff243aec3d87ae16559070f08d57000bdc60c437459935"",";
"  ""device"": ""desktop"",";
"  ""engine"": ""google_maps"",";
"  ""type"": ""search"",";
"  ""google_domain"": ""google.com"",";
"  ""q"": ""restaurant"",";
"  ""hl"": ""id"",";
"  ""ll"": ""@-6.748673,111.037923,14z""";
};
;
search = GoogleSearch(params);
results = search.get_dict();
"local_results = results[""local_results""]";
https://serpapi.com/search;
local_results;
[{'position': 1,;
"  'title': '""Fast Food Restaurant""',";
  'place_id': 'ChIJ9wqAr6rTcC4RWnrZGH_Aikk',;
  'data_id': '0x2e70d3aaaf800af7:0x498ac07f18d97a5a',;
  'data_cid': '5299259563665095258',;
  'reviews_link': 'https://serpapi.com/search.json?data_id=0x2e70d3aaaf800af7%3A0x498ac07f18d97a5a&engine=google_maps_reviews&hl=id',;
  'photos_link': 'https://serpapi.com/search.json?data_id=0x2e70d3aaaf800af7%3A0x498ac07f18d97a5a&engine=google_maps_photos&hl=id',;
  'gps_coordinates': {'latitude': -6.7443399, 'longitude': 111.0454425},;
  'place_id_search': 'https://serpapi.com/search.json?data=%214m5%213m4%211s0x2e70d3aaaf800af7%3A0x498ac07f18d97a5a%218m2%213d-6.7443399%214d111.0454425&engine=google_maps&google_domain=google.com&hl=id&type=place',;
  'unclaimed_listing': True,;
  'type': 'Restoran',;
  'address': '724W+758, Jl. Kembang Joyo, Ngembleb, Kutoharjo, Kec. Pati, Kabupaten Pati, Jawa Tengah 59118, Indonesia',;
  'service_options': {'makan_di_tempat': True, 'bawa_pulang': True},;
  'thumbnail': 'https://streetviewpixels-pa.googleapis.com/v1/thumbnail?panoid=56aTLxIpGb7PRDhgiPpj-Q&cb_client=search.gws-prod.gps&w=80&h=92&yaw=225.49535&pitch=0&thumbfov=100'},;
 {'position': 2,;
  'title': 'Fast Food Restaurant',;
  'place_id': 'ChIJw13uOF7ScC4RmsRX-pqfV7k',;
  'data_id': '0x2e70d25e38ee5dc3:0xb9579f9afa57c49a',;
  'data_cid': '13355318707964331162',;
  'reviews_link': 'https://serpapi.com/search.json?data_id=0x2e70d25e38ee5dc3%3A0xb9579f9afa57c49a&engine=google_maps_reviews&hl=id',;
  'photos_link': 'https://serpapi.com/search.json?data_id=0x2e70d25e38ee5dc3%3A0xb9579f9afa57c49a&engine=google_maps_photos&hl=id',;
  'gps_coordinates': {'latitude': -6.764174, 'longitude': 111.04209039999999},;
  'place_id_search': 'https://serpapi.com/search.json?data=%214m5%213m4%211s0x2e70d25e38ee5dc3%3A0xb9579f9afa57c49a%218m2%213d-6.764174%214d111.04209039999999&engine=google_maps&google_domain=google.com&hl=id&type=place',;
  'unclaimed_listing': True,;
  'type': 'Restoran',;
  'address': 'Tempel, Panjunan, Kec. Pati, Kabupaten Pati, Jawa Tengah, Indonesia',;
  'service_options': {'makan_di_tempat': True, 'bawa_pulang': True},;
  'thumbnail': 'https://streetviewpixels-pa.googleapis.com/v1/thumbnail?panoid=q17MWl2bUpwLItAJn327PQ&cb_client=search.gws-prod.gps&w=80&h=92&yaw=98.31555&pitch=0&thumbfov=100'},;
 {'position': 3,;
  'title': 'HARMONIS restaurant',;
  'place_id': 'ChIJoS-6DqrTcC4R-Nlp99Sq3CE',;
  'data_id': '0x2e70d3aa0eba2fa1:0x21dcaad4f769d9f8',;
  'data_cid': '2440012929788664312',;
  'reviews_link': 'https://serpapi.com/search.json?data_id=0x2e70d3aa0eba2fa1%3A0x21dcaad4f769d9f8&engine=google_maps_reviews&hl=id',;
  'photos_link': 'https://serpapi.com/search.json?data_id=0x2e70d3aa0eba2fa1%3A0x21dcaad4f769d9f8&engine=google_maps_photos&hl=id',;
  'gps_coordinates': {'latitude': -6.7408044, 'longitude': 111.04550239999999},;
  'place_id_search': 'https://serpapi.com/search.json?data=%214m5%213m4%211s0x2e70d3aa0eba2fa1%3A0x21dcaad4f769d9f8%218m2%213d-6.7408044%214d111.04550239999999&engine=google_maps&google_domain=google.com&hl=id&type=place',;
  'rating': 4.5,;
  'reviews': 4,;
  'unclaimed_listing': True,;
  'type': 'Restoran',;
  'address': '725W+M6C, Ngipik, Kutoharjo, Kec. Pati, Kabupaten Pati, Jawa Tengah 59118, Indonesia',;
  'open_state': 'Tutup ‚ãÖ Buka Sen pukul 06.00',;
  'hours': 'Tutup ‚ãÖ Buka Sen pukul 06.00',;
  'operating_hours': {'minggu': '06.00‚Äì17.00',;
   'senin': '06.00‚Äì17.00',;
   'selasa': '06.00‚Äì17.00',;
   'rabu': '06.00‚Äì17.00',;
   'kamis': '06.00‚Äì17.00',;
   'jumat': 'Tutup',;
   'sabtu': '06.00‚Äì17.00'},;
  'phone': '+62 295 384825',;
  'service_options': {'makan_di_tempat': True, 'bawa_pulang': True},;
  'thumbnail': 'https://streetviewpixels-pa.googleapis.com/v1/thumbnail?panoid=QGwhTa2WqNtBRHu_VerD3A&cb_client=search.gws-prod.gps&w=80&h=92&yaw=329.53177&pitch=0&thumbfov=100'},;
 {'position': 4,;
  'title': 'Warung Makan Kamandowo',;
  'place_id': 'ChIJ_20DYFDScC4RfhURA8ubNLI',;
  'data_id': '0x2e70d25060036dff:0xb2349bcb0311157e',;
  'data_cid': '12841059733772244350',;
  'reviews_link': 'https://serpapi.com/search.json?data_id=0x2e70d25060036dff%3A0xb2349bcb0311157e&engine=google_maps_reviews&hl=id',;
  'photos_link': 'https://serpapi.com/search.json?data_id=0x2e70d25060036dff%3A0xb2349bcb0311157e&engine=google_maps_photos&hl=id',;
  'gps_coordinates': {'latitude': -6.7542827999999995,;
   'longitude': 111.0366835},;
  'place_id_search': 'https://serpapi.com/search.json?data=%214m5%213m4%211s0x2e70d25060036dff%3A0xb2349bcb0311157e%218m2%213d-6.7542827999999995%214d111.0366835&engine=google_maps&google_domain=google.com&hl=id&type=place',;
  'rating': 4.2,;
  'reviews': 141,;
  'price': '$$',;
  'unclaimed_listing': True,;
  'type': 'Restoran Jawa',;
  'address': 'Jl. Kamandowo No.15, Pati Kidul, Kec. Pati, Kabupaten Pati, Jawa Tengah 59114, Indonesia',;
  'open_state': 'Tutup ‚ãÖ Buka Sen pukul 07.30',;
  'hours': 'Tutup ‚ãÖ Buka Sen pukul 07.30',;
  'operating_hours': {'minggu': 'Tutup',;
   'senin': '07.30‚Äì17.00',;
   'selasa': '07.30‚Äì17.00',;
   'rabu': '07.30‚Äì17.00',;
   'kamis': '07.30‚Äì17.00',;
   'jumat': '07.30‚Äì17.00',;
   'sabtu': '07.30‚Äì17.00'},;
  'phone': '+62 813-2511-3107',;
  'service_options': {'makan_di_tempat': True, 'bawa_pulang': True},;
  'thumbnail': 'https://lh5.googleusercontent.com/p/AF1QipPEF7i9Hef6mIjjoHKm5qF6ilwgQNeuw9b7ct-P=w163-h92-k-no'},;
 {'position': 5,;
  'title': 'BOS DIMSUM PATI',;
  'place_id': 'ChIJO1orrYHTcC4RVnmdTh9G15o',;
  'data_id': '0x2e70d381ad2b5a3b:0x9ad7461f4e9d7956',;
  'data_cid': '11157463702110566742',;
  'reviews_link': 'https://serpapi.com/search.json?data_id=0x2e70d381ad2b5a3b%3A0x9ad7461f4e9d7956&engine=google_maps_reviews&hl=id',;
  'photos_link': 'https://serpapi.com/search.json?data_id=0x2e70d381ad2b5a3b%3A0x9ad7461f4e9d7956&engine=google_maps_photos&hl=id',;
  'gps_coordinates': {'latitude': -6.743092799999999,;
   'longitude': 111.0417514},;
  'place_id_search': 'https://serpapi.com/search.json?data=%214m5%213m4%211s0x2e70d381ad2b5a3b%3A0x9ad7461f4e9d7956%218m2%213d-6.743092799999999%214d111.0417514&engine=google_maps&google_domain=google.com&hl=id&type=place',;
  'rating': 4.6,;
  'reviews': 12,;
  'type': 'Restoran Dim Sum',;
  'address': 'Jl. Dr. Susanto Jl. Randu Kuning No.85, Randukuning, Pati Lor, Kec. Pati, Kabupaten Pati, Jawa Tengah 59111, Indonesia',;
  'open_state': 'Segera tutup ‚ãÖ 20.00 ‚ãÖ Buka Sen pukul 11.00',;
  'hours': 'Segera tutup ‚ãÖ 20.00 ‚ãÖ Buka Sen pukul 11.00',;
  'operating_hours': {'minggu': '11.00‚Äì20.00',;
   'senin': '11.00‚Äì20.00',;
   'selasa': '11.00‚Äì20.00',;
   'rabu': '11.00‚Äì20.00',;
   'kamis': '11.00‚Äì20.00',;
   'jumat': '11.00‚Äì20.00',;
   'sabtu': '11.00‚Äì20.00'},;
  'phone': '+62 812-2758-4299',;
  'service_options': {'makan_di_tempat': True,;
   'bawa_pulang': True,;
   'pesan_antar': True},;
  'thumbnail': 'https://lh5.googleusercontent.com/p/AF1QipMVu9JTru_eY1h5yVp2F71rliRcE2NUc0UwT04=w80-h106-k-no'},;
 {'position': 6,;
  'title': 'Salza Restaurant & Convention Hall',;
  'place_id': 'ChIJ25rdKFfScC4RlMFlpVohQkc',;
  'data_id': '0x2e70d25728dd9adb:0x4742215aa565c194',;
  'data_cid': '5134703198361469332',;
  'reviews_link': 'https://serpapi.com/search.json?data_id=0x2e70d25728dd9adb%3A0x4742215aa565c194&engine=google_maps_reviews&hl=id',;
  'photos_link': 'https://serpapi.com/search.json?data_id=0x2e70d25728dd9adb%3A0x4742215aa565c194&engine=google_maps_photos&hl=id',;
  'gps_coordinates': {'latitude': -6.7530145, 'longitude': 111.04085149999999},;
  'place_id_search': 'https://serpapi.com/search.json?data=%214m5%213m4%211s0x2e70d25728dd9adb%3A0x4742215aa565c194%218m2%213d-6.7530145%214d111.04085149999999&engine=google_maps&google_domain=google.com&hl=id&type=place',;
  'rating': 4,;
  'reviews': 85,;
  'price': '$$',;
  'type': 'Restoran Seafood',;
  'address': 'Jl. Tombronegoro No.1, Kaborongan, Pati Lor, Kec. Pati, Kabupaten Pati, Jawa Tengah 59115, Indonesia',;
  'open_state': 'Buka ‚ãÖ Tutup pukul 00.00',;
  'hours': 'Buka ‚ãÖ Tutup pukul 00.00',;
  'operating_hours': {'minggu': '08.00‚Äì00.00',;
   'senin': '08.00‚Äì00.00',;
   'selasa': '08.00‚Äì00.00',;
   'rabu': '08.00‚Äì00.00',;
   'kamis': '08.00‚Äì00.00',;
   'jumat': '08.00‚Äì00.00',;
   'sabtu': '08.00‚Äì00.00'},;
  'phone': '+62 295 384247',;
  'service_options': {'makan_di_tempat': True, 'bawa_pulang': True},;
  'thumbnail': 'https://lh5.googleusercontent.com/p/AF1QipOwTWNO1WtIi-tXltFohYsDCgZ575WIjnHo_G4U=w163-h92-k-no'},;
 {'position': 7,;
  'title': 'Fast Food Restaurant',;
  'place_id': 'ChIJyft1N_nScC4R2sV7iX5iFJY',;
  'data_id': '0x2e70d2f93775fbc9:0x9614627e897bc5da',;
  'data_cid': '10814376900835395034',;
  'reviews_link': 'https://serpapi.com/search.json?data_id=0x2e70d2f93775fbc9%3A0x9614627e897bc5da&engine=google_maps_reviews&hl=id',;
  'photos_link': 'https://serpapi.com/search.json?data_id=0x2e70d2f93775fbc9%3A0x9614627e897bc5da&engine=google_maps_photos&hl=id',;
  'gps_coordinates': {'latitude': -6.7503826, 'longitude': 111.0503236},;
  'place_id_search': 'https://serpapi.com/search.json?data=%214m5%213m4%211s0x2e70d2f93775fbc9%3A0x9614627e897bc5da%218m2%213d-6.7503826%214d111.0503236&engine=google_maps&google_domain=google.com&hl=id&type=place',;
  'unclaimed_listing': True,;
  'type': 'Restoran',;
  'address': 'Klegen, Kalidoro, Kec. Pati, Kabupaten Pati, Jawa Tengah, Indonesia',;
  'service_options': {'makan_di_tempat': True, 'bawa_pulang': True},;
  'thumbnail': 'https://streetviewpixels-pa.googleapis.com/v1/thumbnail?panoid=FxP9VE_8PvUbAuiq5NncPw&cb_client=search.gws-prod.gps&w=80&h=92&yaw=213.21463&pitch=0&thumbfov=100'},;
 {'position': 8,;
  'title': 'Nasi Goreng Mas Win',;
  'place_id': 'ChIJI3FGULbTcC4RmZT0tZ5VbwA',;
  'data_id': '0x2e70d3b650467123:0x6f559eb5f49499',;
  'data_cid': '31337862560781465',;
  'reviews_link': 'https://serpapi.com/search.json?data_id=0x2e70d3b650467123%3A0x6f559eb5f49499&engine=google_maps_reviews&hl=id',;
  'photos_link': 'https://serpapi.com/search.json?data_id=0x2e70d3b650467123%3A0x6f559eb5f49499&engine=google_maps_photos&hl=id',;
  'gps_coordinates': {'latitude': -6.7388737, 'longitude': 111.0245041},;
  'place_id_search': 'https://serpapi.com/search.json?data=%214m5%213m4%211s0x2e70d3b650467123%3A0x6f559eb5f49499%218m2%213d-6.7388737%214d111.0245041&engine=google_maps&google_domain=google.com&hl=id&type=place',;
  'rating': 4.7,;
  'reviews': 28,;
  'price': '$',;
  'type': 'Restoran Halal',;
  'address': 'Rendole Indah, Muktiharjo, Kec. Margorejo, Kabupaten Pati, Jawa Tengah 59111, Indonesia',;
  'open_state': 'Buka ‚ãÖ Tutup pukul 00.00',;
  'hours': 'Buka ‚ãÖ Tutup pukul 00.00',;
  'operating_hours': {'minggu': '17.00‚Äì00.00',;
   'senin': '17.00‚Äì00.00',;
   'selasa': '17.00‚Äì00.00',;
   'rabu': '17.00‚Äì00.00',;
   'kamis': '17.00‚Äì00.00',;
   'jumat': '17.00‚Äì00.00',;
   'sabtu': '17.00‚Äì00.00'},;
  'phone': '+62 823-6803-8866',;
  'website': 'https://m.facebook.com/Nasi-Goreng-Raja-Pawon-Solo-Depan-Stadion-Joyo-Kusumo-251572394997176/',;
  'service_options': {'makan_di_tempat': True, 'bawa_pulang': True},;
  'thumbnail': 'https://lh5.googleusercontent.com/p/AF1QipM3HlY8PPd7W-oCI49zF6CpTgt7R_M-l5vmUcsT=w163-h92-k-no'},;
 {'position': 9,;
  'title': 'The Dona&Doni Resto, Pool & Spa',;
  'place_id': 'ChIJP3K98bPTcC4RSTJLox-cb0Q',;
  'data_id': '0x2e70d3b3f1bd723f:0x446f9c1fa34b3249',;
  'data_cid': '4931331776691515977',;
  'reviews_link': 'https://serpapi.com/search.json?data_id=0x2e70d3b3f1bd723f%3A0x446f9c1fa34b3249&engine=google_maps_reviews&hl=id',;
  'photos_link': 'https://serpapi.com/search.json?data_id=0x2e70d3b3f1bd723f%3A0x446f9c1fa34b3249&engine=google_maps_photos&hl=id',;
  'gps_coordinates': {'latitude': -6.7416371999999996,;
   'longitude': 111.02874879999999},;
  'place_id_search': 'https://serpapi.com/search.json?data=%214m5%213m4%211s0x2e70d3b3f1bd723f%3A0x446f9c1fa34b3249%218m2%213d-6.7416371999999996%214d111.02874879999999&engine=google_maps&google_domain=google.com&hl=id&type=place',;
  'rating': 4.2,;
  'reviews': 710,;
  'price': '$$',;
  'type': 'Restoran',;
  'address': 'Jl, Kol. Sugiono Gg. Anugerah Kav. I No.100, Ngagul, Winong, Kec. Pati, Kabupaten Pati, Jawa Tengah 59112, Indonesia',;
  'open_state': 'Segera tutup ‚ãÖ 20.00 ‚ãÖ Buka Sen pukul 11.00',;
  'hours': 'Segera tutup ‚ãÖ 20.00 ‚ãÖ Buka Sen pukul 11.00',;
  'operating_hours': {'minggu': '11.00‚Äì20.00',;
   'senin': '11.00‚Äì20.00',;
   'selasa': '11.00‚Äì20.00',;
   'rabu': '11.00‚Äì20.00',;
   'kamis': '11.00‚Äì20.00',;
   'jumat': '11.00‚Äì20.00',;
   'sabtu': '11.00‚Äì20.00'},;
  'phone': '+62 295 385112',;
  'service_options': {'makan_di_tempat': True,;
   'bawa_pulang': True,;
   'antar_tanpa_bertemu': True},;
  'thumbnail': 'https://lh5.googleusercontent.com/p/AF1QipOQHjO4JTCpJWQWJYMN9fSCWO1aiZjrUvgNBDxE=w138-h92-k-no'},;
 {'position': 10,;
  'title': 'Fast Food Restaurant',;
  'place_id': 'ChIJ1XZc_HrScC4RiJvvdsNjDy8',;
  'data_id': '0x2e70d27afc5c76d5:0x2f0f63c376ef9b88',;
  'data_cid': '3391038735598459784',;
  'reviews_link': 'https://serpapi.com/search.json?data_id=0x2e70d27afc5c76d5%3A0x2f0f63c376ef9b88&engine=google_maps_reviews&hl=id',;
  'photos_link': 'https://serpapi.com/search.json?data_id=0x2e70d27afc5c76d5%3A0x2f0f63c376ef9b88&engine=google_maps_photos&hl=id',;
  'gps_coordinates': {'latitude': -6.7777604, 'longitude': 111.0369771},;
  'place_id_search': 'https://serpapi.com/search.json?data=%214m5%213m4%211s0x2e70d27afc5c76d5%3A0x2f0f63c376ef9b88%218m2%213d-6.7777604%214d111.0369771&engine=google_maps&google_domain=google.com&hl=id&type=place',;
  'unclaimed_listing': True,;
  'type': 'Restoran',;
  'address': 'Jetak, Langenharjo, Kec. Margorejo, Kabupaten Pati, Jawa Tengah, Indonesia',;
  'service_options': {'makan_di_tempat': True, 'bawa_pulang': True},;
  'thumbnail': 'https://streetviewpixels-pa.googleapis.com/v1/thumbnail?panoid=evUk6mC3L1UadwkkYPaceQ&cb_client=search.gws-prod.gps&w=80&h=92&yaw=290.68475&pitch=0&thumbfov=100'},;
 {'position': 11,;
  'title': 'Fast Food Restaurant',;
  'place_id': 'ChIJFU1fwsvTcC4RVjb07xvFdv8',;
  'data_id': '0x2e70d3cbc25f4d15:0xff76c51beff43656',;
  'data_cid': '18408117250704029270',;
  'reviews_link': 'https://serpapi.com/search.json?data_id=0x2e70d3cbc25f4d15%3A0xff76c51beff43656&engine=google_maps_reviews&hl=id',;
  'photos_link': 'https://serpapi.com/search.json?data_id=0x2e70d3cbc25f4d15%3A0xff76c51beff43656&engine=google_maps_photos&hl=id',;
  'gps_coordinates': {'latitude': -6.741976299999999,;
   'longitude': 111.0178411},;
  'place_id_search': 'https://serpapi.com/search.json?data=%214m5%213m4%211s0x2e70d3cbc25f4d15%3A0xff76c51beff43656%218m2%213d-6.741976299999999%214d111.0178411&engine=google_maps&google_domain=google.com&hl=id&type=place',;
  'unclaimed_listing': True,;
  'type': 'Restoran',;
  'address': 'Rendole Indah, Muktiharjo, Kec. Margorejo, Kabupaten Pati, Jawa Tengah, Indonesia',;
  'service_options': {'makan_di_tempat': True, 'bawa_pulang': True},;
  'thumbnail': 'https://streetviewpixels-pa.googleapis.com/v1/thumbnail?panoid=r9LM-00AQmQpVV0teNrjgA&cb_client=search.gws-prod.gps&w=80&h=92&yaw=187.92372&pitch=0&thumbfov=100'},;
 {'position': 12,;
  'title': 'Semesta Pati',;
  'place_id': 'ChIJNdKGiarTcC4RpzDspK6Iczw',;
  'data_id': '0x2e70d3aa8986d235:0x3c7388aea4ec30a7',;
  'data_cid': '4355975548270031015',;
  'reviews_link': 'https://serpapi.com/search.json?data_id=0x2e70d3aa8986d235%3A0x3c7388aea4ec30a7&engine=google_maps_reviews&hl=id',;
  'photos_link': 'https://serpapi.com/search.json?data_id=0x2e70d3aa8986d235%3A0x3c7388aea4ec30a7&engine=google_maps_photos&hl=id',;
  'gps_coordinates': {'latitude': -6.7543381, 'longitude': 111.03189259999999},;
  'place_id_search': 'https://serpapi.com/search.json?data=%214m5%213m4%211s0x2e70d3aa8986d235%3A0x3c7388aea4ec30a7%218m2%213d-6.7543381%214d111.03189259999999&engine=google_maps&google_domain=google.com&hl=id&type=place',;
  'rating': 4.5,;
  'reviews': 65,;
  'type': 'Restoran',;
  'address': 'Jalan Supriyadi no 49 Juanalan, Pati Kidul, Pati, Pati Regency, Central Java 59114, Indonesia',;
  'open_state': 'Buka ‚ãÖ Tutup pukul 22.00',;
  'hours': 'Buka ‚ãÖ Tutup pukul 22.00',;
  'operating_hours': {'minggu': '10.00‚Äì22.00',;
   'senin': '10.00‚Äì22.00',;
   'selasa': '10.00‚Äì22.00',;
   'rabu': '10.00‚Äì22.00',;
   'kamis': '10.00‚Äì22.00',;
   'jumat': '10.00‚Äì22.00',;
   'sabtu': '10.00‚Äì22.00'},;
  'phone': '+62 811-2506-771',;
  'service_options': {'makan_di_tempat': True,;
   'bawa_pulang': True,;
   'antar_tanpa_bertemu': True},;
  'thumbnail': 'https://lh5.googleusercontent.com/p/AF1QipMHtjh0mbnvDwDAD8RavHOGSsd8df0Bnt-n9KUy=w137-h92-k-no'},;
 {'position': 13,;
  'title': 'OMAH CABE PATI',;
  'place_id': 'ChIJJ35rV1HScC4RAz-jBPYY7lM',;
  'data_id': '0x2e70d251576b7e27:0x53ee18f604a33f03',;
  'data_cid': '6047798794523983619',;
  'reviews_link': 'https://serpapi.com/search.json?data_id=0x2e70d251576b7e27%3A0x53ee18f604a33f03&engine=google_maps_reviews&hl=id',;
  'photos_link': 'https://serpapi.com/search.json?data_id=0x2e70d251576b7e27%3A0x53ee18f604a33f03&engine=google_maps_photos&hl=id',;
  'gps_coordinates': {'latitude': -6.7504520999999995,;
   'longitude': 111.0395355},;
  'place_id_search': 'https://serpapi.com/search.json?data=%214m5%213m4%211s0x2e70d251576b7e27%3A0x53ee18f604a33f03%218m2%213d-6.7504520999999995%214d111.0395355&engine=google_maps&google_domain=google.com&hl=id&type=place',;
  'rating': 4.3,;
  'reviews': 3029,;
  'price': '$$',;
  'type': 'Restoran Jawa',;
  'address': 'Jl. R. A. Kartini, Kaborongan, Pati Lor, Kec. Pati, Kabupaten Pati, Jawa Tengah 59111, Indonesia',;
  'open_state': 'Buka ‚ãÖ Tutup pukul 22.00',;
  'hours': 'Buka ‚ãÖ Tutup pukul 22.00',;
  'operating_hours': {'minggu': '08.00‚Äì22.00',;
   'senin': '08.00‚Äì22.00',;
   'selasa': '08.00‚Äì22.00',;
   'rabu': '08.00‚Äì22.00',;
   'kamis': '08.00‚Äì22.00',;
   'jumat': '08.00‚Äì22.00',;
   'sabtu': '08.00‚Äì22.00'},;
  'phone': '+62 295 386594',;
  'service_options': {'makan_di_tempat': True,;
   'bawa_pulang': True,;
   'antar_tanpa_bertemu': True},;
  'thumbnail': 'https://lh5.googleusercontent.com/p/AF1QipP4EBVbV8S_ndOGc9GK97LeqGlymGpMu0520aGz=w163-h92-k-no'},;
 {'position': 14,;
  'title': 'Resto Surya',;
  'place_id': 'ChIJpW2wGUzScC4RH_qKQ4bkoaM',;
  'data_id': '0x2e70d24c19b06da5:0xa3a1e486438afa1f',;
  'data_cid': '11790956564742601247',;
  'reviews_link': 'https://serpapi.com/search.json?data_id=0x2e70d24c19b06da5%3A0xa3a1e486438afa1f&engine=google_maps_reviews&hl=id',;
  'photos_link': 'https://serpapi.com/search.json?data_id=0x2e70d24c19b06da5%3A0xa3a1e486438afa1f&engine=google_maps_photos&hl=id',;
  'gps_coordinates': {'latitude': -6.7526413, 'longitude': 111.03729489999999},;
  'place_id_search': 'https://serpapi.com/search.json?data=%214m5%213m4%211s0x2e70d24c19b06da5%3A0xa3a1e486438afa1f%218m2%213d-6.7526413%214d111.03729489999999&engine=google_maps&google_domain=google.com&hl=id&type=place',;
  'rating': 4.3,;
  'reviews': 1074,;
  'price': '$$',;
  'type': 'Restoran',;
  'address': 'Jl. Jenderal Sudirman No.142, Pati Kidul, Kec. Pati, Kabupaten Pati, Jawa Tengah 59114, Indonesia',;
  'open_state': 'Buka ‚ãÖ Tutup pukul 21.30',;
  'hours': 'Buka ‚ãÖ Tutup pukul 21.30',;
  'operating_hours': {'minggu': '09.00‚Äì21.30',;
   'senin': '09.00‚Äì21.30',;
   'selasa': '09.00‚Äì21.30',;
   'rabu': '09.00‚Äì21.30',;
   'kamis': '09.00‚Äì21.30',;
   'jumat': '09.00‚Äì21.30',;
   'sabtu': '09.00‚Äì21.30'},;
  'phone': '+62 295 381477',;
  'service_options': {'makan_di_tempat': True,;
   'ambil_di_tepi_jalan': True,;
   'antar_tanpa_bertemu': True},;
  'thumbnail': 'https://lh5.googleusercontent.com/p/AF1QipNNCpjrtDXHSOfWvCqneXTy-1UFLjnFZTKdoX_A=w122-h92-k-no'},;
 {'position': 15,;
  'title': 'Omah Kuno 1868 Diponegoro',;
  'place_id': 'ChIJY538k1PScC4RwsXFx2eaYDU',;
  'data_id': '0x2e70d25393fc9d63:0x35609a67c7c5c5c2',;
  'data_cid': '3846243852298339778',;
  'reviews_link': 'https://serpapi.com/search.json?data_id=0x2e70d25393fc9d63%3A0x35609a67c7c5c5c2&engine=google_maps_reviews&hl=id',;
  'photos_link': 'https://serpapi.com/search.json?data_id=0x2e70d25393fc9d63%3A0x35609a67c7c5c5c2&engine=google_maps_photos&hl=id',;
  'gps_coordinates': {'latitude': -6.748710699999999,;
   'longitude': 111.03899419999999},;
  'place_id_search': 'https://serpapi.com/search.json?data=%214m5%213m4%211s0x2e70d25393fc9d63%3A0x35609a67c7c5c5c2%218m2%213d-6.748710699999999%214d111.03899419999999&engine=google_maps&google_domain=google.com&hl=id&type=place',;
  'rating': 4.2,;
  'reviews': 1135,;
  'type': 'Restoran Seafood',;
  'address': 'Jl. Diponegoro No.115, Kaborongan, Pati Lor, Kec. Pati, Kabupaten Pati, Jawa Tengah 59119, Indonesia',;
  'open_state': 'Buka sekarang',;
  'phone': '+62 295 4101868',;
  'service_options': {'makan_di_tempat': True,;
   'ambil_di_tepi_jalan': True,;
   'antar_tanpa_bertemu': True},;
  'thumbnail': 'https://lh5.googleusercontent.com/p/AF1QipPDtMQIqtlaC5BIrFBiqB0Ot4_LnOmvB8PdCq2K=w122-h92-k-no'},;
 {'position': 16,;
"  'title': ""Geprek'an"",";
  'place_id': 'ChIJjWPP__PTcC4RjDnzzTFtznY',;
  'data_id': '0x2e70d3f3ffcf638d:0x76ce6d31cdf3398c',;
  'data_cid': '8560900002353985932',;
  'reviews_link': 'https://serpapi.com/search.json?data_id=0x2e70d3f3ffcf638d%3A0x76ce6d31cdf3398c&engine=google_maps_reviews&hl=id',;
  'photos_link': 'https://serpapi.com/search.json?data_id=0x2e70d3f3ffcf638d%3A0x76ce6d31cdf3398c&engine=google_maps_photos&hl=id',;
  'gps_coordinates': {'latitude': -6.7455114, 'longitude': 111.040774},;
  'place_id_search': 'https://serpapi.com/search.json?data=%214m5%213m4%211s0x2e70d3f3ffcf638d%3A0x76ce6d31cdf3398c%218m2%213d-6.7455114%214d111.040774&engine=google_maps&google_domain=google.com&hl=id&type=place',;
  'rating': 4.5,;
  'reviews': 401,;
  'price': '$',;
  'unclaimed_listing': True,;
  'type': 'Restoran Masakan Ayam',;
  'address': 'Jl. Dr. Susanto Gg. III No.Kelurahan, Randukuning, Pati Lor, Kec. Pati, Kabupaten Pati, Jawa Tengah 59111, Indonesia',;
  'open_state': 'Segera tutup ‚ãÖ 20.30 ‚ãÖ Buka Sen pukul 08.30',;
  'hours': 'Segera tutup ‚ãÖ 20.30 ‚ãÖ Buka Sen pukul 08.30',;
  'operating_hours': {'minggu': '08.30‚Äì20.30',;
   'senin': '08.30‚Äì20.30',;
   'selasa': '08.30‚Äì20.30',;
   'rabu': '08.30‚Äì20.30',;
   'kamis': '08.30‚Äì20.30',;
   'jumat': '08.30‚Äì20.30',;
   'sabtu': '08.30‚Äì20.30'},;
  'phone': '+62 813-2263-2537',;
  'website': 'http://keegande.blogspot.com/',;
  'service_options': {'makan_di_tempat': True,;
   'bawa_pulang': True,;
   'antar_tanpa_bertemu': True},;
  'thumbnail': 'https://lh5.googleusercontent.com/p/AF1QipMKrZqnlc81RnGQHBmnG9-RNNj4IfEOSP26w-jA=w204-h92-k-no'},;
 {'position': 17,;
  'title': 'AYAM GEPREK JUARA 158 PATI',;
  'place_id': 'ChIJ_SKnczDTcC4RDtT5V1P9fOc',;
  'data_id': '0x2e70d33073a722fd:0xe77cfd5357f9d40e',;
  'data_cid': '16680485654273577998',;
  'reviews_link': 'https://serpapi.com/search.json?data_id=0x2e70d33073a722fd%3A0xe77cfd5357f9d40e&engine=google_maps_reviews&hl=id',;
  'photos_link': 'https://serpapi.com/search.json?data_id=0x2e70d33073a722fd%3A0xe77cfd5357f9d40e&engine=google_maps_photos&hl=id',;
  'gps_coordinates': {'latitude': -6.743983999999999,;
   'longitude': 111.0386206},;
  'place_id_search': 'https://serpapi.com/search.json?data=%214m5%213m4%211s0x2e70d33073a722fd%3A0xe77cfd5357f9d40e%218m2%213d-6.743983999999999%214d111.0386206&engine=google_maps&google_domain=google.com&hl=id&type=place',;
  'rating': 4.4,;
  'reviews': 150,;
  'price': '$',;
  'type': 'Restoran Masakan Ayam',;
  'address': 'Jl. Penjawi Jl. Randu Kuning No.49, Randukuning, Pati Lor, Kec. Pati, Kabupaten Pati, Jawa Tengah 59111, Indonesia',;
  'open_state': 'Buka 24 jam',;
  'hours': 'Buka 24 jam',;
  'operating_hours': {'minggu': 'Buka 24 jam',;
   'senin': 'Buka 24 jam',;
   'selasa': 'Buka 24 jam',;
   'rabu': 'Buka 24 jam',;
   'kamis': 'Buka 24 jam',;
   'jumat': 'Buka 24 jam',;
   'sabtu': 'Buka 24 jam'},;
  'phone': '+62 858-0364-3671',;
  'website': 'https://grab.onelink.me/2695613898?pid=inappsharing&c=6-CZAHCEXYTJUDTE&af_dp=grab%3A%2F%2Fopen%3FscreenType%3DGRABFOOD%26sourceID%3DA4pcqCZkS4%26merchantIDs%3D6-CZAHCEXYTJUDTE',;
  'service_options': {'makan_di_tempat': True,;
   'ambil_di_tepi_jalan': True,;
   'antar_tanpa_bertemu': True},;
  'thumbnail': 'https://lh5.googleusercontent.com/p/AF1QipNi_2K5NuYYbEkxtmvmWl5sWp7mQzkwVVn9P_D9=w123-h92-k-no'},;
 {'position': 18,;
  'title': 'Resto Omah Sapi',;
  'place_id': 'ChIJcYKgv6zTcC4RThLUnJ3ehAw',;
  'data_id': '0x2e70d3acbfa08271:0xc84de9d9cd4124e',;
  'data_cid': '902090593903317582',;
  'reviews_link': 'https://serpapi.com/search.json?data_id=0x2e70d3acbfa08271%3A0xc84de9d9cd4124e&engine=google_maps_reviews&hl=id',;
  'photos_link': 'https://serpapi.com/search.json?data_id=0x2e70d3acbfa08271%3A0xc84de9d9cd4124e&engine=google_maps_photos&hl=id',;
  'gps_coordinates': {'latitude': -6.7474751, 'longitude': 111.038133},;
  'place_id_search': 'https://serpapi.com/search.json?data=%214m5%213m4%211s0x2e70d3acbfa08271%3A0xc84de9d9cd4124e%218m2%213d-6.7474751%214d111.038133&engine=google_maps&google_domain=google.com&hl=id&type=place',;
  'rating': 4.2,;
  'reviews': 396,;
  'price': '$$',;
  'unclaimed_listing': True,;
  'type': 'Restoran Bakso',;
  'address': 'Jl. Penjawi No.9, Kaborongan, Pati Lor, Kec. Pati, Kabupaten Pati, Jawa Tengah 59111, Indonesia',;
  'open_state': 'Buka ‚ãÖ Tutup pukul 21.00',;
  'hours': 'Buka ‚ãÖ Tutup pukul 21.00',;
  'operating_hours': {'minggu': '09.00‚Äì21.00',;
   'senin': '10.00‚Äì21.00',;
   'selasa': '10.00‚Äì21.00',;
   'rabu': '10.00‚Äì21.00',;
   'kamis': '10.00‚Äì21.00',;
   'jumat': '10.00‚Äì21.00',;
   'sabtu': '10.00‚Äì21.00'},;
  'phone': '+62 813-3001-7682',;
  'service_options': {'makan_di_tempat': True,;
   'bawa_pulang': True,;
   'pesan_antar': True},;
  'thumbnail': 'https://lh5.googleusercontent.com/p/AF1QipNevibEUmQH3I2kUuk_Pw-n-JC53-9YXgcb57le=w122-h92-k-no'},;
 {'position': 19,;
  'title': 'Spicato',;
  'place_id': 'ChIJ6cXjCYvTcC4Rc-eYomwsgOs',;
  'data_id': '0x2e70d38b09e3c5e9:0xeb802c6ca298e773',;
  'data_cid': '16969612241028048755',;
  'reviews_link': 'https://serpapi.com/search.json?data_id=0x2e70d38b09e3c5e9%3A0xeb802c6ca298e773&engine=google_maps_reviews&hl=id',;
  'photos_link': 'https://serpapi.com/search.json?data_id=0x2e70d38b09e3c5e9%3A0xeb802c6ca298e773&engine=google_maps_photos&hl=id',;
  'gps_coordinates': {'latitude': -6.7580966, 'longitude': 111.03005689999999},;
  'place_id_search': 'https://serpapi.com/search.json?data=%214m5%213m4%211s0x2e70d38b09e3c5e9%3A0xeb802c6ca298e773%218m2%213d-6.7580966%214d111.03005689999999&engine=google_maps&google_domain=google.com&hl=id&type=place',;
  'rating': 4.9,;
  'reviews': 14,;
  'type': 'Restoran ayam penyet',;
  'address': 'Jl. Ronggo Warsito, Plangitan, Pati, Pati Regency, Central Java 51987, Indonesia',;
  'open_state': 'Buka ‚ãÖ Tutup pukul 22.00',;
  'hours': 'Buka ‚ãÖ Tutup pukul 22.00',;
  'operating_hours': {'minggu': '10.00‚Äì22.00',;
   'senin': '10.00‚Äì22.00',;
   'selasa': '10.00‚Äì22.00',;
   'rabu': '10.00‚Äì22.00',;
   'kamis': '10.00‚Äì22.00',;
   'jumat': '10.00‚Äì22.00',;
   'sabtu': '10.00‚Äì22.00'},;
  'phone': '+62 813-9198-3398',;
  'service_options': {'makan_di_tempat': True,;
   'bawa_pulang': True,;
   'pesan_antar': True},;
  'thumbnail': 'https://lh5.googleusercontent.com/p/AF1QipOtogikKLOd_6zxvxDXpVwWTfc5WiN_6ltf0BwU=w92-h92-k-no'},;
 {'position': 20,;
  'title': 'Riantika Warehouse',;
  'place_id': 'ChIJ4zReTT3TcC4R68GJtjfbSXY',;
  'data_id': '0x2e70d33d4d5e34e3:0x7649db37b689c1eb',;
  'data_cid': '8523584802107539947',;
  'reviews_link': 'https://serpapi.com/search.json?data_id=0x2e70d33d4d5e34e3%3A0x7649db37b689c1eb&engine=google_maps_reviews&hl=id',;
  'photos_link': 'https://serpapi.com/search.json?data_id=0x2e70d33d4d5e34e3%3A0x7649db37b689c1eb&engine=google_maps_photos&hl=id',;
  'gps_coordinates': {'latitude': -6.7678001, 'longitude': 111.03925059999999},;
  'place_id_search': 'https://serpapi.com/search.json?data=%214m5%213m4%211s0x2e70d33d4d5e34e3%3A0x7649db37b689c1eb%218m2%213d-6.7678001%214d111.03925059999999&engine=google_maps&google_domain=google.com&hl=id&type=place',;
  'rating': 4.6,;
  'reviews': 191,;
  'price': '$',;
  'type': 'Restoran',;
  'address': 'Jl. Raya Pati-Kayen No.442, Tempel, Panjunan, Kec. Pati, Kabupaten Pati, Jawa Tengah 59116, Indonesia',;
  'open_state': 'Buka ‚ãÖ Tutup pukul 23.00',;
  'hours': 'Buka ‚ãÖ Tutup pukul 23.00',;
  'operating_hours': {'minggu': '09.00‚Äì23.00',;
   'senin': '09.00‚Äì23.00',;
   'selasa': '09.00‚Äì23.00',;
   'rabu': '09.00‚Äì23.00',;
   'kamis': '09.00‚Äì23.00',;
   'jumat': '09.00‚Äì23.00',;
   'sabtu': '09.00‚Äì23.00'},;
  'phone': '+62 823-2471-7277',;
  'website': 'https://online.fliphtml5.com/bumqq/mkni/',;
  'service_options': {'makan_di_tempat': True,;
   'bawa_pulang': True,;
   'antar_tanpa_bertemu': True},;
  'thumbnail': 'https://lh5.googleusercontent.com/p/AF1QipOfNUjn4AbAcqLAxTL1uirdjc2IWCpHK5riZhbV=w123-h92-k-no'}];
from serpapi import GoogleSearch;
;
params = {;
"  ""api_key"": ""b77985061bea13234fff243aec3d87ae16559070f08d57000bdc60c437459935"",";
"  ""engine"": ""google_maps_reviews"",";
"  ""data_id"": ""0x2e70d25728dd9adb:0x4742215aa565c194"",";
"  ""hl"": ""id""";
};
;
search = GoogleSearch(params);
results = search.get_dict();
"reviews = results[""reviews""]";
https://serpapi.com/search;
"title =results[""place_info""][""title""]";
print(title);
for i in range(10):;
"  rating = results[""reviews""][i][""rating""]";
  print(rating);
"  reviews = results[""reviews""][i][""snippet""]";
  print(reviews);
Salza Restaurant & Convention Hall;
4.0;
Nice resto, terjangkau tempatnya di dalam kota.;
4.0;
Tempat luas, sayang ada di lantai 2. Meskipun tersedia eskalator.;
3.0;
Lumayan.ada TV guede....... banget bisa nonton sepak bola.;
1.0;
Pelayanannya sangat lama hampir 2jam saya menunggu menu di hidangkanLokasi bagi yg pertama x ke resto susah menemukan lokasinyaPelayannya agak sinis;
5.0;
Pelayanan Bintang Lima Harga Kaki Lima. Pas di Pusat Kota, Menu lengkap, Harga hemat dan menyediakan Masakan Lokal Soto Kemiri Kas Pati. Cocok buat nongkrong sama teman maupun keluarga;
5.0;
Temoqt kuas,banyak yg jualanSayang lantainya kurang bersih aja;
4.0;
Salza Restaurant & Convention Hall yang terletak di Jalan Tombronegoro nomor 1, Kecamatan Kaborongan, Kabupaten Pati, Provinsi Jawa Tengah ini merupakan restoran favorit masyarakat Pati. Letaknya pun strategis karena berada di sekitar Alun-alun Pati.;
5.0;
Tempat yang bagus dan strategis di kota pati;
3.0;
Cukup pas menu dan harganya untuk kota Pati yang sedang tumbuh.;
3.0;
Dlu tmpat ny enak sih..tp sekarang sdh tutup ya atau pindah ?? Masakan nya lumayan cocok di lidah..;
from serpapi import GoogleSearch;
;
params = {;
"  ""api_key"": ""b77985061bea13234fff243aec3d87ae16559070f08d57000bdc60c437459935"",";
"  ""engine"": ""google_maps_reviews"",";
"  ""data_id"": ""0x2e70d3b3f1bd723f:0x446f9c1fa34b3249"",";
"  ""hl"": ""id""";
};
;
search = GoogleSearch(params);
results = search.get_dict();
"reviews = results[""reviews""]";
https://serpapi.com/search;
"title =results[""place_info""][""title""]";
print(title);
for i in range(10):;
"  rating = results[""reviews""][i][""rating""]";
  print(rating);
"  reviews = results[""reviews""][i][""snippet""]";
  print(reviews);
The Dona&Doni Resto, Pool & Spa;
4.0;
Kesini untuj renang. Untuk kolam anak tempatnya sepi, airnya dingin, adem,fibesnya jd kaya kolam pribadi.Untuk food n drink ya lumayan. Ayam cabe garamnya enak;
1.0;
Kolam renang jorok, filter tdk pnh nyala, smpe air ijooo, area duduk2 jg kdg bau selokan sgt tdk nyaman. Kamar mnd jg joroküëégak ada yg jaga d sekitar kolam jd org umum seenaknya masuk tnpa pakai baju berenangüëéüëéüëéüëéNOT RECOMENDED!;
5.0;
Tempat nyaman untuk makan bersama keluarga, pasangan atau teman. Tersedia indoor dan outdoor, tempat sangat instagramable, ditata dengan indah. Pelayanan ramah dan masaknya cepat. Ada kolam renang juga.;
5.0;
tempat tenang karena bukan di tengah kota, viewnya oke banget, ada swimming pool, ada ruang makan indoor & outdoor, pilihan menu banyak dengan rasa yang berkualitas;
5.0;
Pengalaman pertama kali kesini lumayan bagus. Mbaknya ramah. Acara buka bersama lancar, tempat juga oke lah. Makanannya cukup enak, harga standard.üëç;
5.0;
Saya merekomendasikan untuk kolam renangnya ;-) Bersih, biaya renang sepadan. Mohon perhatikan peraturan bagi yang akan berenang ‚ò∫ Pesanan makanan dan minuman relatif cepat dengan harga sepadan üòò Suasana garden sangat terasa, makan dan minum dapat di dalam maupun luar ruangan üòç
4.0;
The dona doni resto, pool & spa merupakan resto unik yang memiliki gedung indoor dan outdoor, taman cukup luas dengan konsep family garden resto, dengan sedikit nuansa bali, selain itu ada 2 kolam renang yang di tata apik. Cocok di gunakan untuk acara baik formal, non formal dan wedding,, menunya enak dan variatif.;
5.0;
Tempat yang bagus Bisa diseqa full resto untuk acara nikahan dsb Makanan nya enak Ada kolam renang nya Banyak spot foto yang bagus dan menarik;
5.0;
Salah satu resto dengan konsep yang unik di kota Pati. Lokasinya yang tersembunyi di dalam kota pati seperti surga yang tersembunyi... soalnya tempatnya nyaman banget buat makan-makan bareng temen-temen, rapat, arisan, ataupun kumpul-kumpul yang lainnya.. ada kolam renangnya juga, makanannya juga enak..;
5.0;
Tempatnya nyaman strategis & suasana nya tenang.;
from serpapi import GoogleSearch;
;
params = {;
"  ""api_key"": ""b77985061bea13234fff243aec3d87ae16559070f08d57000bdc60c437459935"",";
"  ""engine"": ""google_maps_reviews"",";
"  ""data_id"": ""0x2e70d3aa8986d235:0x3c7388aea4ec30a7"",";
"  ""hl"": ""id""";
};
;
search = GoogleSearch(params);
results = search.get_dict();
"reviews = results[""reviews""]";
https://serpapi.com/search;
"title =results[""place_info""][""title""]";
print(title);
for i in range(10):;
"  rating = results[""reviews""][i][""rating""]";
  print(rating);
"  reviews = results[""reviews""][i][""snippet""]";
  print(reviews);
Semesta Pati;
5.0;
Lokasi di tengah kota, menunya tradisional dan yang paling sering dibeli sate taichannya terenak di Pati, mungkin tempat parkirnya saja agak susah kalau disitu but its ok ‚ú®;
5.0;
Nyaman banget. Aku suka pesan coklat rempah. Makanannya pun enak banget terutama yang asem-asem;
5.0;
Parkir mobil OK, buat rombongan OK, rasa makanan OK, harga OK. Estetika bisa ditingkatkan lagi;
5.0;
Semesta sekarang jadi tempat sarapan. Buka pagi sampai siang (atau sore). Tempatnya adem, makan kenyang cukup 10-15 ribu.;
5.0;
Tempat nyaman, menu masakan rumahannya enak sekali. Bahkan anak2 juga suka.;
2.0;
Udah resevasi untuk bukber berdua diruangan dalam, eh pas udah sampe dapetnya diluar. Deket motor pula üôä;
5.0;
Harga murah, suasananya enak , masakannya enak banget;
5.0;
Pelayanannya cepat dan ramah, menunya Mantap Jiwa...recomended banget...;
5.0;
Lumayan oke;
5.0;
Tempat nyaman untuk habiskan waktu, makan sambil chill. Banyak pilihan wedang nya, makanan asem asem nya adiktif, enak banget.;
from serpapi import GoogleSearch;
;
params = {;
"  ""api_key"": ""b77985061bea13234fff243aec3d87ae16559070f08d57000bdc60c437459935"",";
"  ""engine"": ""google_maps_reviews"",";
"  ""data_id"": ""0x2e70d251576b7e27:0x53ee18f604a33f03"",";
"  ""hl"": ""id""";
};
;
search = GoogleSearch(params);
results = search.get_dict();
"reviews = results[""reviews""]";
https://serpapi.com/search;
"title =results[""place_info""][""title""]";
print(title);
for i in range(10):;
"  rating = results[""reviews""][i][""rating""]";
  print(rating);
"  reviews = results[""reviews""][i][""snippet""]";
  print(reviews);
OMAH CABE PATI;
4.0;
Diajak temen buat coba, untuk tempat ok bgt, luas bisa buat rame-rame, instagramable lah y, ada taman bermain buat anak-anak, kolam ikan, request tempat duduk bisa lesehan ataupun kursi ok, tempat bersih dan luas. Tiap meja tersedia piring + sendok garpu. Makanannya lumayan ok lah ya... Buat kalian yang perhitungan dan mau lebih hemat bisa kali ya bawa air putih sendiri atau nasi putih sendiri. Yang nyari makanan pencuci mulut, ga recomend ya di sini karena semua makanannya lebih dominan ke makanan berat semua. Dari harga worth it lah sama suasana dan pelayanan yg kita dapatkan. Dan ini menurutku worth to try aja y, ga yg sampe recomended gitu. Untuk nasi putihnya nih, alangkah baiknya yang di bakul itu khusus untuk brp porsi gitu/paket rame2, jadi kalau ada yang order 1 porsi ga perlu ribet di taro bakul dan kita ribet2 lagi mindah ke piring. Itu aja sih... Btw bisa kali ya di tambah menu sambel / saos jadi yg mau nambah atau yg pesen ga paket lalapan bisa pke saos/sambel tersebut gitu. Terima kasih & mohon maaf sebelumnya;
4.0;
Rumah makan dengan suasana yg tenang. Tempatnya luas, bisa di indoor atau yg lebih seru dioutdoor seperti di hutan mini. Pelayanan ramah, cepat, dan harganya ternyata ramah dikantong. Pingin berkunjung lagi lain kali;
4.0;
Omah Cabe menyajikan berbagai menu khas Indonesia. Mulai dari ayam, bebek, bandeng, seafood lainnya, serta sayurannya juga cukup lengkap. Tempatnya cukup luas dan suasana di malam hari cukup nyaman. Sepertinya nyaman jika dijadikan venue acara besar.;
2.0;
Kesana pas hujan pengenya si berteduh sambil makan tp apah -_~, atap nya bocor jd makan pun sambil jongkok.. trs pesanan CA kangkungnya pun berasa basi , trs matahnya pun kasinan . Pesan ayam pun gk kbeneran .. uhh . pengen makan tp malah kehilangan nafsu makan ketika menu datang üò•üò•;
5.0;
Suasana nyaman untuk makan dan bersantai...masakan enak ...harga bersahabat;
4.0;
Setidaknya saya pernah di sini. Sudah sering kali sie tp baru upload, parkir luas, rasa enak, harga terjangkau, pilihan menu banyak, tempat luas, rame krn pas bukber, tengah2 kota, sajinya cpt wlpn kondisi rame. Abcdefghijklmnopqrstuvwxyz;
4.0;
pertama kali ke sini pas lagi singgah di pati, area parkir cukup luas untuk mobil maupun motor untuk tempat makan kita bisa pilih di kursi2 di dalam resto atau gazebo2 di halaman belakang kebetulan dateng pas jam makan siang jadi penuh banget mesti waiting list untuk bisa nyari tempat di gazebo padahal di resto bagian depan gak gitu rame hihihi gazebo seperti kebanyakan terbuat dari kayu dengan ornamen lampu bambu dengan meja dan bantal2 untuk lesehan menu makanan lumayan banyak,harga dan rasa standart aja sih,pesen bebek bakar kulit bagian luarnya panas tapi daging dalemnya dingin mungkin baru dikluarin dr kulkas trus dibakar hihihihi,pelayanan juga rada lama mungkin karena lagi rush hour dan pengunjung buanyaaakk;
5.0;
tempatnya nyaman dan luas. cocok untuk bersantap bersama keluarga, atau acara acara lainnya seperti buka bersama;
5.0;
Ajaklah teman atau keluarga mampir ke rumah makan cabe, disini makanannya lengkap, penyajiannya cepat, dan yg gak kalah dr yang lain adalah rasanya yang super duper mantap üòã yuuuk tunggu apa lagi;
4.0;
Makanannya enak enak, tempatnya cocok untuk kumpul keluarga. Rekomended bangetü§©üëå;
from serpapi import GoogleSearch;
;
params = {;
"  ""api_key"": ""b77985061bea13234fff243aec3d87ae16559070f08d57000bdc60c437459935"",";
"  ""engine"": ""google_maps_reviews"",";
"  ""data_id"": ""0x2e70d24c19b06da5:0xa3a1e486438afa1f"",";
"  ""hl"": ""id""";
};
;
search = GoogleSearch(params);
results = search.get_dict();
"reviews = results[""reviews""]";
https://serpapi.com/search;
"title =results[""place_info""][""title""]";
print(title);
for i in range(10):;
"  rating = results[""reviews""][i][""rating""]";
  print(rating);
"  reviews = results[""reviews""][i][""snippet""]";
  print(reviews);
Resto Surya;
5.0;
Rumah Makan Surya. Bersebelahan dengan supermarket Surya Baru. Dari luar mungkin kecil, tapi setelah masuk pasti luas. Tempat nya nyaman. Penerapan prokes lumayan baik. Pelayanannya cukup ramah. Makanannya tidak ada yang tidak enak kalau menurut saya. Puja koki Surya.;
5.0;
Restoran yang sudah sangat lama berdiri di kota pati. Yang membuat resto ini istimeea adalah rasa dari masakannnya tidak pernah berubah semenjak dulu. Walaupun agak pricey tapi sangat layak apabila ada keluarga yang datang dari jauh dan diajak makan disitu karena porsinya besar.;
3.0;
Berkunjung ke kota Pati, karena masih kenyang pesen bakso pangsit kuah, over all enak. Tapi... Mangkok yang disajikan ke saya cuil/gompal... Tentu terasa TDK nyaman... Hendak minta ganti mangkok tapi sungkan... Es tehnya jumbo... Tapi bagi saya kurang manis... Kunjungan pertama ini sy kasih bintang 3... Parkir space nya sdikit baik mobil dan motor... Kebetulan musim hujan... Yang bawa motor... Motornya kehujanan... Terima kasih... RESTO SURYA termasuk rekomendasi tempat makan yang nyaman dan bersih... Dari menu makanan nya menyehatkan dan lezat.;
2.0;
Mie bangka spesial tp rasanya tdk lbh enak dari indomie rebus, pelayanan krg memuaskan, menunggu lama, jutek dan makanan disaji tdk enak, tdk ada saos kecap malah ngumpul di pojokan ngerumpi, AC tdk boleh dinyalahkan krn sy dtg sndri padahal udara panas bgt,;
5.0;
Legendaris banget di kota Pati. Dari sejak aku kecil resto ini dah ada. Dari bentuk nya yg duku maaih reato rumahan sampai sekarang yang sudah bentuk cafe. Luar biasa progress nya. Letaknya sebelahan dengan surya yg supermarket. Kalo kesini slalu belanja dlu d surya supermarket trs makan d surya resto. Product nya yg ga pernah lekang oleh waktubitu krupuk bakso. D pati ada 2 brand, 1 lg merk gentong. Kalo ke Pati musti beli ya krupuk baso. Nah kalo mau makan d surya resto yg skrg tampilannya sudah kayak cafe ini. Menu fav ku yaitu mie kopyok, dan juga es nya enak2 lho... ada es surya atau es shanghai dll. Tinggal d pilih. Makanannya juga beragam bgt lho. Dr yg baso2 dan mie, ada yang seafood, chinese food, sampai tradiaional kayak nasi rames dan penyetan udang sama jangan bening (sayur bayam bening). Mantappp banget guys... tiap hari makan dsini juga ga akan bosan karena pilihan menunya buanyaakkk... sayang sekali aku ga ngefoto kemarin karena ruamai sekali, harus tunggu juga buat dapat kursi. Karena kemrin kita barwngan sama jam buka puasa. Silakan d coba ya kalo lagi ke Pati.... üëçüëçüëçüëçüëçüëç;
4.0;
tempatnya dari luar terlihat kecil, tapi dalemnya kece abis,modern minimalis ada lantai 2 nya juga, menu lumayan bervariasi, kamar mandi bersih & wangi, tempat cuci tangan luas cuma pas makan kwetiaw sedikit overcook;
5.0;
Paling suka kalau kesini itu makan bakmi goreng seafood,,, rasanya enduuullll dengan porsi jumbonya dan es teh yang jumbo pula ü§©;
2.0;
Maaf kurang suka dgn pelayananya,,rencana mau makan bersama kluarga 15 org bareng 1 meja minta tempat diatas yg luas gk boleh alasanya dibawah masih kosong,sedangkan dibawah meja gk boleh digabung,,huhh y udah akhirnya cari rmh makan lainüòî;
1.0;
Kita makan ber 5. 1meja cuma bisa 2 orang, mau tambah meja untuk dijadikan 1 pegawainya blg tidak boleh. Pegawainya bilang tidak boleh sama manajemennya.. Pelayanannya sangat mengecewakan. Rasa makanan memang enak tapi kalau pelayanan buruk, saya rasa banyak orang yang tidak akan kembali. Semoga kedepannya manajemennya diubah, tidak mengecewakan pelanggan. Terimakasih.;
1.0;
Baru kemarin ke sini. Tempat bagus. Makanan agak kurang si rasanya. Tp gpp lah its ok. Yg plg bikin males 1,2 bad banget pelayanannya. Apalagi mbaknya kasih wkwk judes. Kalo dimintain tolong buat foto agak susah.;
from serpapi import GoogleSearch;
;
params = {;
"  ""api_key"": ""b77985061bea13234fff243aec3d87ae16559070f08d57000bdc60c437459935"",";
"  ""engine"": ""google_maps_reviews"",";
"  ""data_id"": ""0x2e70d35cb674207b:0x2a55620e468fb175"",";
"  ""hl"": ""id""";
};
;
search = GoogleSearch(params);
results = search.get_dict();
"reviews = results[""reviews""]";
https://serpapi.com/search;
"title =results[""place_info""][""title""]";
print(title);
for i in range(10):;
"  rating = results[""reviews""][i][""rating""]";
  print(rating);
"  reviews = results[""reviews""][i][""snippet""]";
  print(reviews);
Kampoeng Pati;
4.0;
Tempat makan dengan pemandangan yang cukup bagus selain itu ada juga kolam renang buat dewasa dan anak-anak, jadi bisa kulineran sambil berenang, menu masakan yang disajikan banyak pilihan, parkir luas dan ada toilet. Menu yang ada beef steak original, gurami asam manus, chicken crispy, iga bakar lada hitam, Gurami, nila, lele, aneka menu nasi goreng, aneka mie, rica-rica, petis, cumi, udang, bandeng dan masih banyak menu enak lainnya.;
4.0;
Tempat nya nyaman dan tenang serta luas,tempat dilengkapi kolam renang n tempat karaokean,harga lumayan tidak ramah dikantong plus ada PPN 10% ,parkir motor 2rb,g tau klo mobil...sayang pelayanannya kurang memuaskan kurang ramah dibagian kasir,saya tau kakak¬≤nya pasti lelah cz rame banget secara masih suasana lebaran,senyum kan ibadah kak...senyum dan ramahlah kepada kami para pelanggan,ok?menu nya sangat lengkap,tp untuk rasa dilidah saya mohon maaf kurang cocok cz semua serba terlalu manis untuk minuman¬≤,untuk makanan bakso rada asin,beef steak manis,kentang goreng belum mateng,semangka yg mnrt saya g fresh,semoga kedepan nya diperbaiki lagi pelayanan serta masakannya,mohon maaf lahir batin kritik ini bertujuan untuk membangun menjadi lebih baik lagi.terimakasih;
5.0;
Sering kesini bersama keluarga. Menu di sini cukup lengkap, ada steak nya juga. Tempat yang nyaman dan banyak pilihan, mau duduk di kursi atau lesehan, tempat yang juga bagus untuk berfoto ria bareng teman atau keluarga. Terdapat kolam renang yang cukup luas. Parkiran cukup luas.;
5.0;
Tempat nyaman banget ada view kolam renang, menu yg sya pesan ga ada yg ngecewain enak banget...terus pertahanin rasa kualitas fan pelayanannya yaah ...recomend banget yg mw nyari resto buat kluarga;
5.0;
Tempat makan yang berkonsep lesehan yang luas dan nyaman, tempat bersih, juga tersedia kolam renang yang cocok untuk anak, tiket masuk hanya 10 ribu. Anak2 seneng sekali.;
5.0;
Masakan nya lumayan,cuma pas lagi maem,ehh tau2 lampu mati beberapa detik,gak sekali dua kali..;
3.0;
Resto dan kolam renang.. tempatnya tidak terlalu luas dan kesini pas hari minggu jadi rame banget pengunjungnya.. kolam renangnya kecil paling dalem cuma satu meter dan ada yang untuk anak anak dan balita.. tempat bilasnya cuma ada 3 kamar mandi.. dan gazebo yang sekitar kolam susah banget dapetinnya.. kalau datang untuk makan aja sebenarnya banyak tempatnya.. tapi kalau mau renang pasti nyarinya yang sekitar kolam dan itu harus gantian.. masakannya seafood pasti enak.. harga masuk akal;
5.0;
Pertama kali kesini karena perjalanan dinas kerja. Saya coba menu iga bakar pedas manis nya enak. Harganya ga terlalu mahal, tempat nyaman, ada area rekreasi buat keluarga. Rekomen nih üëçüèª;
3.0;
Cocok untuk makan bersama keluarga maupun rekan kerja, menu Nila Bakar + es Teh;
5.0;
Bagus, ada kolam renang. Kalau kesini sih mending sore atau malam.;
from serpapi import GoogleSearch;
;
params = {;
"  ""api_key"": ""b77985061bea13234fff243aec3d87ae16559070f08d57000bdc60c437459935"",";
"  ""engine"": ""google_maps_reviews"",";
"  ""data_id"": ""0x2e70d379b1868e3d:0x281f78c7b5268f3a"",";
"  ""hl"": ""id""";
};
;
search = GoogleSearch(params);
results = search.get_dict();
"reviews = results[""reviews""]";
https://serpapi.com/search;
"title =results[""place_info""][""title""]";
print(title);
for i in range(10):;
"  rating = results[""reviews""][i][""rating""]";
  print(rating);
"  reviews = results[""reviews""][i][""snippet""]";
  print(reviews);
Kai Ramen Pati;
4.0;
Kai Ramen Pati adalah salah satu kedai ramen di Pati yaitu cabang setelah Kai Ramen Kudus. Saya telah mencoba Kai Ramen Kudus kemudian saya ingin coba Kai Ramen Pati. Awalnya rasa tidak berekspetasi lebih setelah tahu Kai Ramen Kudus. Menurut saya kekentalan kuah ramen di kedai ini kurang sedangkan rasa kuah sudah pas. Di sisi lain mie/lamien yang dipakai adalah sesuai ekspetasi saya. Seperti mie ramen di Nagoya dan kedai ramen pada umumnya. Namun, mie masih kurang matang dikit. Kai Ramen menawarkan berbagai macam menu pilihan dengan harga yang masih terjangkau (dari IDR 2500 s/d 20000). Menu makanan seperti berbagai jenis Ramen dari original sampai bertoping, Bento, Katsu, Takoyaki dsb. Menu minuman seperti tea, ocha tea, coffee, squash, lokalate dsb. Lokasi Kai Ramen ini sangat mudah di jangkau berada di Winong Kota yaitu timur Lapangan Joyo Kusuma Pati, seberang Teras Kopi. Kai Ramen sering mengadakan promo dan ada harga khusus ramen special untuk pelajar. Check di ig: kairamengroup;
5.0;
Untuk rasa sih rempahnya krasa banget, kebetulan ini saya pesen rame katsu yang varian kuah curry. Kemudian tempat makannya yang duduk kurang nyaman sih soalnya mejanya kecil dan kurang cocok buat rame rame. Mungkin kalo rame rame cocoknya yang di lesehan.;
5.0;
Ramen üçú dengan harga yang affordable, dan porsi yang mengenyangkan. Bisa ditambah berbagai macam topping sesuai selera. üëçSelain ramen ada takoyaki, okonomiyaki, dan menu bento. üç±Dan disini juga sering ada promonya;
5.0;
Tempatnya nyaman banget, adem pelayanannya ramah. Oh ya ada promo Refill ramen sepuasnya di bulan Januari 2022, btw menu paling recommended Bento Box nya enak banget soalnya.;
4.0;
Rasanya mantab, pelayanan cepat, ramah, harga bersahabat, hanya parkiran yg kurang, karena mepet jalan raya;
5.0;
Makanannya enak.. Tempatnya bersih.. Pelayanannya ramah.. Di pertahankan biar makin rame üòÑ;
4.0;
Salah satu resto jepang di pati yang patut dikunjungi,, resto ini menyediakan aneka ramen yang enak, istimewa dan bersahabat di kantong. Selain ramen ada juga bento dan hidangan kecil seperti takoyaki, katsu,.dan beberapa menu lainnya, Silahkan mencoba dan rasakan sensasi nuansa jepang di sini üëç;
5.0;
Sering lewat, dan nyesel kenapa lagi nyoba sekarang, padahal harganya ramah ma enak üò≠Tempatnya bikin demen mager lagi;
3.0;
Utk ramennya enak, seperti rasa ramen pada umumnya, trus pesan bento jg lumayan enak, utk sushi agak kurang empuk dikit,rasa kurang nendang dikit, yg paling bikin bete adalah waktu tunggu yg sangat lama, mgkn karyawan resto nya kurang atau bagaimana g tau cuma lumayan bikin jenuh, disuguhi makanan diatas lumayan oke bete lumer, tp eh tp pas dtg pesenan milktea nya haduuuh bete lagi deh, hambar bin anyep kayak cuma air es gt...sesuai nama restonya kali ya,yg jadi unggulan ramennya,,hehe;
5.0;
Parkir gratis klo motor bisa di halaman resto klo mobil di pinggir jalan A. Yani. Tempat di sekat2 jadi agak sempit milih waktu yg agak sepi biar ga sumpek. Rasa oke harga murmer ada promo2 juga. Klo untuk anak bisa pesan porsi anak2 tapi tidak tercantum di menu bilang aja minta porsi anak2. So far the best ramen in Pati.;
from serpapi import GoogleSearch;
;
params = {;
"  ""api_key"": ""b77985061bea13234fff243aec3d87ae16559070f08d57000bdc60c437459935"",";
"  ""engine"": ""google_maps_reviews"",";
"  ""data_id"": ""0x2e70d24db2cfb18b:0x92f3f6d5e131c3d2"",";
"  ""hl"": ""id""";
};
;
search = GoogleSearch(params);
results = search.get_dict();
"reviews = results[""reviews""]";
https://serpapi.com/search;
"title =results[""place_info""][""title""]";
print(title);
for i in range(10):;
"  rating = results[""reviews""][i][""rating""]";
  print(rating);
"  reviews = results[""reviews""][i][""snippet""]";
  print(reviews);
Mbok Endut Pati;
4.0;
Tempatnya luas.cocok untuk acr kumpul2.menunya buanyak..kita bisa pilih menu single atau rombonganüòÇüòÇporsinya jumbo..jadi waspada kalo gagal dietüòÇenaak sii..;
3.0;
Pertama kesini saat Reuni Teman SD, untuk rasa masakannya standard. Tempatnya rame karena ini waktu Bulan Puasa jadi banyak orang yang merayakan Bukber;
4.0;
mampir ke sini buat makan siang pas lagi singgah di pati,area parkir luasss banget bisa untuk mobil dan motor di depan resto kita di sambut dengan patung ibu2 gemuk berkonde berbaju ijo mungkin ini adalah ikon ny mbok endut hihihi bangunan resto 2 lantai bisa duduk2 di kursi atau lesehan di lantai,mayan bersih kebetulan kita pilih di lantai 2,untuk lantai 2 mostly duduk lesehan, rooftop jg ada dengan bangku2 kayu mayan lengkap ada mushola;kamar mandi dan tempat cuci tangan untuk menu kebanyakan masakan indonesia y dengan harga cukup standAr dari 15k-30k an kita pesan sop ayam campur dan sop galantin untuk minum kita pesan es teh dan seporsi salad untuk sop2 an mayan seger sihh bisa lah dinikmati hehe yang oke malah es teh nya gelas nya gedeee banget hihihi tapi untuk salad buah nya rada kecewa sih harga sekitar 20k tapi isian penuh dengan tomat wkwkwkwk pelayanan mayan cepet gak terlalu lama nunggu so far oke sihh kapan2 kalo ke pati bisa lah mampir lagi
5.0;
Yuk mampir... Angkringan menu sederhana khas makanan nasi bakar, jahe dan kopi lelet khas lasem. Tempat nyaman bersih free wifi. Santai buat ngpi gaes... Gasss yuk...;
5.0;
Tempat makannya nyaman, makanannya banyak macamnya harga juga terjangkau. Tempat parkir luas dan pasti pelayanan gak mengecewakan;
3.0;
info di maps buka sampai jam 24.00tp sy dtg jam 20.30 stlh psn mkn ada info ini jam last orderwaiter kurang care pada pelanggan;
5.0;
Pelayan kurang memuaskan Tapi overall okelah Ternyata beda daerah beda penyajian Ada beberapa menu harganya murah tapi ada juga yang mahal;
5.0;
RecomendedMasakan enak, tempat juga lumayan ramah anakHarga makanan rata2 20-30 an;
5.0;
Makanan enak,parkir luas,harga sesuai makanan yg porsi besar;
5.0;
Tempatnya mantab, makanannya juga enak;
from serpapi import GoogleSearch;
;
params = {;
"  ""api_key"": ""b77985061bea13234fff243aec3d87ae16559070f08d57000bdc60c437459935"",";
"  ""engine"": ""google_maps_reviews"",";
"  ""data_id"": ""0x2e70d3f3ffcf638d:0x76ce6d31cdf3398c"",";
"  ""hl"": ""id""";
};
;
search = GoogleSearch(params);
results = search.get_dict();
"reviews = results[""reviews""]";
https://serpapi.com/search;
"title =results[""place_info""][""title""]";
print(title);
for i in range(10):;
"  rating = results[""reviews""][i][""rating""]";
  print(rating);
"  reviews = results[""reviews""][i][""snippet""]";
  print(reviews);
Geprek'an;
5.0;
Enaakk but aku lupa lagi sakit lambung ..jadi makannya sambil was was ..hihiw ..tp uenakk recommend üôè;
1.0;
Minta tolong untuk pelayannya yang cewek, kecil, pakai kacamata diajarkan attitude ketika melayani. Melayani kok mbesengut;
5.0;
Penyelamat waktu masih ngekos. Langganan dari waktu hanya menerima pesanan delivery. Menurut saya ini geprekan paling enak di Pati. Pelayanan cepat dan ramah. Tempat cozy.;
5.0;
duhh mengesankan sekalii, apalagi waktu dateng sama cowo ehh mantan juga sama cewe wkwk;
4.0;
Lumayan mahal untuk kantong pelajar;
5.0;
Baru pertama kesini. Biasanya pesen lwt grab... tak pikir bedanya ada 5rb lebh dr hrga asli sama grab ternyata ngk sampe 5rb.. ngk tahu napa.. dibanding geprek lain lbh suka ini;
5.0;
- Satu tahun belakangan, hidangan ayam geprek mulai dikenal oleh masyarakat Indonesia. Ayam geprek pertama kali dibuat di Yogyakarta pada 2003. Pemilik warung makan di Jalan Wulung Lor, Papringan, yakni Ruminah yang pertama kali membuat ayam geprek. Pada ;
5.0;
Promo nih,nasi+ayam+es teh jumbo 14.000 spesial valentine. Ditambah saus bbq makin yahuud‚ù§;
5.0;
Murah meriah, pedesnya mantapppppppp..;
5.0;
Geprek disini punya cita rasa sambal yang khas, buat yang ngak kuat pedas ada tambahan saus lainnya. Rekomen banget pokoknya tempatnya adem dan eatetik. Hanya saja tempat parkir yang kurang luas.;
from serpapi import GoogleSearch;
;
params = {;
"  ""api_key"": ""b77985061bea13234fff243aec3d87ae16559070f08d57000bdc60c437459935"",";
"  ""engine"": ""google_maps_reviews"",";
"  ""data_id"": ""0x2e70d3acbfa08271:0xc84de9d9cd4124e"",";
"  ""hl"": ""id""";
};
;
search = GoogleSearch(params);
results = search.get_dict();
"reviews = results[""reviews""]";
https://serpapi.com/search;
"title =results[""place_info""][""title""]";
print(title);
for i in range(10):;
"  rating = results[""reviews""][i][""rating""]";
  print(rating);
"  reviews = results[""reviews""][i][""snippet""]";
  print(reviews);
Resto Omah Sapi;
4.0;
Tempatnya enak di lt 2Cita rasa lumayan enakUntuk gambar mohon disesuaikan sesuai hidanganPorsi jangan terlalu kecil;
5.0;
Tempatnya adem. Banyak pilihan menunya. Ada toilet dan mushola. Nyaman juga untuk anak¬≤. Goodlah;
5.0;
Sop iga sapi nya enak fresh banyak, tapi harinke 2 dapat lebih dikit wkwkwkkw karena saya bawa orang banyak mungkin dibagi2, tolong di jaga kualitas dan porsinya.;
4.0;
Resto keluarga dgn harga kaki lima, menu lengkap, meski nama Omah Sapi. Menyediakan berbagai menu olahan sapi. Ayam, steak, chinese food, dll.;
5.0;
Tempatnya bersih, makanannya enak penyajiannya jg cepat gk menunggu terlalu lama;
3.0;
Tempat nyaman pelayanan ramah , makanan standart rasa;
5.0;
Rumah makan ini menyediakan makanan yang enak dengan harga terjangkau, sangat cocok untuk makan bersama rekan maupun keluarga;
4.0;
Iga bakarnya rekomen üëçüëç;
4.0;
Lokasi resto ini ada di jln penjawi. Saya kesana satu jam sebelum resto tutup. Langsung pesan sup buntut dan soto balungan. Harga sesuai, porsi untuk soto dikit. Buntut lumayan banyak daging dan tulangnya. Rasa enak, seger, bumbunya meresap. Lupa foto resto. Karena sudah malam;
1.0;
Lelet super lelet.psan makan d grab food nyampe nya hampir 2 jam gak mghargai org psan online bgt. Klo rame ya ttep dong mana yg dlu mna yg bru dtg.;
#====CASE FOLDING=====#;
;
# 1. Mengubah text menjadi lowercase ;
"kalimat = ""5.0 Tempatnya adem. Banyak pilihan menunya. Ada toilet dan mushola. Nyaman juga untuk anak¬≤. Goodlah""";
lower_case = kalimat.lower();
print(lower_case);
5.0 tempatnya adem. banyak pilihan menunya. ada toilet dan mushola. nyaman juga untuk anak¬≤. goodlah;
# 2. Menghapus angka;
import re #impor modul regular expressio;
"kalimat = ""5.0 Tempatnya adem. Banyak pilihan menunya. Ada toilet dan mushola. Nyaman juga untuk anak¬≤. Goodlah""";
"hasil = re.sub(r""\d+"","""", kalimat)";
print (hasil);
. Tempatnya adem. Banyak pilihan menunya. Ada toilet dan mushola. Nyaman juga untuk anak¬≤. Goodlah;
# 3. Menghapus tanda baca;
import string;
"kalimat = ""5.0 Tempatnya adem. Banyak pilihan menunya. Ada toilet dan mushola. Nyaman juga untuk anak¬≤. Goodlah""";
"hasil = kalimat.translate(str.maketrans("""","""",string.punctuation))";
print (hasil);
50 Tempatnya adem Banyak pilihan menunya Ada toilet dan mushola Nyaman juga untuk anak¬≤ Goodlah;
# ==== TOKENIZING ==== #;
;
import nltk;
nltk.download('book');
#or;
nltk.download('tests');
#or;
nltk.download('all-corpora')# not recommended as it download huge amount of data.;
[nltk_data] Downloading collection 'book';
[nltk_data]    | ;
[nltk_data]    | Downloading package abc to /root/nltk_data...;
[nltk_data]    |   Unzipping corpora/abc.zip.;
[nltk_data]    | Downloading package brown to /root/nltk_data...;
[nltk_data]    |   Unzipping corpora/brown.zip.;
[nltk_data]    | Downloading package chat80 to /root/nltk_data...;
[nltk_data]    |   Unzipping corpora/chat80.zip.;
[nltk_data]    | Downloading package cmudict to /root/nltk_data...;
[nltk_data]    |   Unzipping corpora/cmudict.zip.;
[nltk_data]    | Downloading package conll2000 to /root/nltk_data...;
[nltk_data]    |   Unzipping corpora/conll2000.zip.;
[nltk_data]    | Downloading package conll2002 to /root/nltk_data...;
[nltk_data]    |   Unzipping corpora/conll2002.zip.;
[nltk_data]    | Downloading package dependency_treebank to;
[nltk_data]    |     /root/nltk_data...;
[nltk_data]    |   Unzipping corpora/dependency_treebank.zip.;
[nltk_data]    | Downloading package genesis to /root/nltk_data...;
[nltk_data]    |   Unzipping corpora/genesis.zip.;
[nltk_data]    | Downloading package gutenberg to /root/nltk_data...;
[nltk_data]    |   Unzipping corpora/gutenberg.zip.;
[nltk_data]    | Downloading package ieer to /root/nltk_data...;
[nltk_data]    |   Unzipping corpora/ieer.zip.;
[nltk_data]    | Downloading package inaugural to /root/nltk_data...;
[nltk_data]    |   Unzipping corpora/inaugural.zip.;
[nltk_data]    | Downloading package movie_reviews to;
[nltk_data]    |     /root/nltk_data...;
[nltk_data]    |   Unzipping corpora/movie_reviews.zip.;
[nltk_data]    | Downloading package nps_chat to /root/nltk_data...;
[nltk_data]    |   Unzipping corpora/nps_chat.zip.;
[nltk_data]    | Downloading package names to /root/nltk_data...;
[nltk_data]    |   Unzipping corpora/names.zip.;
[nltk_data]    | Downloading package ppattach to /root/nltk_data...;
[nltk_data]    |   Unzipping corpora/ppattach.zip.;
[nltk_data]    | Downloading package reuters to /root/nltk_data...;
[nltk_data]    | Downloading package senseval to /root/nltk_data...;
[nltk_data]    |   Unzipping corpora/senseval.zip.;
[nltk_data]    | Downloading package state_union to /root/nltk_data...;
[nltk_data]    |   Unzipping corpora/state_union.zip.;
[nltk_data]    | Downloading package stopwords to /root/nltk_data...;
[nltk_data]    |   Unzipping corpora/stopwords.zip.;
[nltk_data]    | Downloading package swadesh to /root/nltk_data...;
[nltk_data]    |   Unzipping corpora/swadesh.zip.;
[nltk_data]    | Downloading package timit to /root/nltk_data...;
[nltk_data]    |   Unzipping corpora/timit.zip.;
[nltk_data]    | Downloading package treebank to /root/nltk_data...;
[nltk_data]    |   Unzipping corpora/treebank.zip.;
[nltk_data]    | Downloading package toolbox to /root/nltk_data...;
[nltk_data]    |   Unzipping corpora/toolbox.zip.;
[nltk_data]    | Downloading package udhr to /root/nltk_data...;
[nltk_data]    |   Unzipping corpora/udhr.zip.;
[nltk_data]    | Downloading package udhr2 to /root/nltk_data...;
[nltk_data]    |   Unzipping corpora/udhr2.zip.;
[nltk_data]    | Downloading package unicode_samples to;
[nltk_data]    |     /root/nltk_data...;
[nltk_data]    |   Unzipping corpora/unicode_samples.zip.;
[nltk_data]    | Downloading package webtext to /root/nltk_data...;
[nltk_data]    |   Unzipping corpora/webtext.zip.;
[nltk_data]    | Downloading package wordnet to /root/nltk_data...;
[nltk_data]    | Downloading package wordnet_ic to /root/nltk_data...;
[nltk_data]    |   Unzipping corpora/wordnet_ic.zip.;
[nltk_data]    | Downloading package words to /root/nltk_data...;
[nltk_data]    |   Unzipping corpora/words.zip.;
[nltk_data]    | Downloading package maxent_treebank_pos_tagger to;
[nltk_data]    |     /root/nltk_data...;
[nltk_data]    |   Unzipping taggers/maxent_treebank_pos_tagger.zip.;
[nltk_data]    | Downloading package maxent_ne_chunker to;
[nltk_data]    |     /root/nltk_data...;
[nltk_data]    |   Unzipping chunkers/maxent_ne_chunker.zip.;
[nltk_data]    | Downloading package universal_tagset to;
[nltk_data]    |     /root/nltk_data...;
[nltk_data]    |   Unzipping taggers/universal_tagset.zip.;
[nltk_data]    | Downloading package punkt to /root/nltk_data...;
[nltk_data]    |   Unzipping tokenizers/punkt.zip.;
[nltk_data]    | Downloading package book_grammars to;
[nltk_data]    |     /root/nltk_data...;
[nltk_data]    |   Unzipping grammars/book_grammars.zip.;
[nltk_data]    | Downloading package city_database to;
[nltk_data]    |     /root/nltk_data...;
[nltk_data]    |   Unzipping corpora/city_database.zip.;
[nltk_data]    | Downloading package tagsets to /root/nltk_data...;
[nltk_data]    |   Unzipping help/tagsets.zip.;
[nltk_data]    | Downloading package panlex_swadesh to;
[nltk_data]    |     /root/nltk_data...;
[nltk_data]    | Downloading package averaged_perceptron_tagger to;
[nltk_data]    |     /root/nltk_data...;
[nltk_data]    |   Unzipping taggers/averaged_perceptron_tagger.zip.;
[nltk_data]    | ;
[nltk_data]  Done downloading collection book;
[nltk_data] Downloading collection 'tests';
[nltk_data]    | ;
[nltk_data]    | Downloading package averaged_perceptron_tagger to;
[nltk_data]    |     /root/nltk_data...;
[nltk_data]    |   Package averaged_perceptron_tagger is already up-;
[nltk_data]    |       to-date!;
[nltk_data]    | Downloading package porter_test to /root/nltk_data...;
[nltk_data]    |   Unzipping stemmers/porter_test.zip.;
[nltk_data]    | Downloading package twitter_samples to;
[nltk_data]    |     /root/nltk_data...;
[nltk_data]    |   Unzipping corpora/twitter_samples.zip.;
[nltk_data]    | Downloading package wmt15_eval to /root/nltk_data...;
[nltk_data]    |   Unzipping models/wmt15_eval.zip.;
[nltk_data]    | Downloading package subjectivity to;
[nltk_data]    |     /root/nltk_data...;
[nltk_data]    |   Unzipping corpora/subjectivity.zip.;
[nltk_data]    | Downloading package framenet_v17 to;
[nltk_data]    |     /root/nltk_data...;
[nltk_data]    |   Unzipping corpora/framenet_v17.zip.;
[nltk_data]    | Downloading package product_reviews_1 to;
[nltk_data]    |     /root/nltk_data...;
[nltk_data]    |   Unzipping corpora/product_reviews_1.zip.;
[nltk_data]    | Downloading package product_reviews_2 to;
[nltk_data]    |     /root/nltk_data...;
[nltk_data]    |   Unzipping corpora/product_reviews_2.zip.;
[nltk_data]    | Downloading package vader_lexicon to;
[nltk_data]    |     /root/nltk_data...;
[nltk_data]    | Downloading package crubadan to /root/nltk_data...;
[nltk_data]    |   Unzipping corpora/crubadan.zip.;
[nltk_data]    | Downloading package mte_teip5 to /root/nltk_data...;
[nltk_data]    |   Unzipping corpora/mte_teip5.zip.;
[nltk_data]    | Downloading package sentence_polarity to;
[nltk_data]    |     /root/nltk_data...;
[nltk_data]    |   Unzipping corpora/sentence_polarity.zip.;
[nltk_data]    | Downloading package universal_treebanks_v20 to;
[nltk_data]    |     /root/nltk_data...;
[nltk_data]    | Downloading package panlex_swadesh to;
[nltk_data]    |     /root/nltk_data...;
[nltk_data]    |   Package panlex_swadesh is already up-to-date!;
[nltk_data]    | Downloading package nonbreaking_prefixes to;
[nltk_data]    |     /root/nltk_data...;
[nltk_data]    |   Unzipping corpora/nonbreaking_prefixes.zip.;
[nltk_data]    | Downloading package perluniprops to;
[nltk_data]    |     /root/nltk_data...;
[nltk_data]    |   Unzipping misc/perluniprops.zip.;
[nltk_data]    | Downloading package pros_cons to /root/nltk_data...;
[nltk_data]    |   Unzipping corpora/pros_cons.zip.;
[nltk_data]    | Downloading package opinion_lexicon to;
[nltk_data]    |     /root/nltk_data...;
[nltk_data]    |   Unzipping corpora/opinion_lexicon.zip.;
[nltk_data]    | Downloading package comparative_sentences to;
[nltk_data]    |     /root/nltk_data...;
[nltk_data]    |   Unzipping corpora/comparative_sentences.zip.;
[nltk_data]    | ;
[nltk_data]  Done downloading collection tests;
[nltk_data] Downloading collection 'all-corpora';
[nltk_data]    | ;
[nltk_data]    | Downloading package abc to /root/nltk_data...;
[nltk_data]    |   Package abc is already up-to-date!;
[nltk_data]    | Downloading package alpino to /root/nltk_data...;
[nltk_data]    |   Unzipping corpora/alpino.zip.;
[nltk_data]    | Downloading package biocreative_ppi to;
[nltk_data]    |     /root/nltk_data...;
[nltk_data]    |   Unzipping corpora/biocreative_ppi.zip.;
[nltk_data]    | Downloading package brown to /root/nltk_data...;
[nltk_data]    |   Package brown is already up-to-date!;
[nltk_data]    | Downloading package brown_tei to /root/nltk_data...;
[nltk_data]    |   Unzipping corpora/brown_tei.zip.;
[nltk_data]    | Downloading package cess_cat to /root/nltk_data...;
[nltk_data]    |   Unzipping corpora/cess_cat.zip.;
[nltk_data]    | Downloading package cess_esp to /root/nltk_data...;
[nltk_data]    |   Unzipping corpora/cess_esp.zip.;
[nltk_data]    | Downloading package chat80 to /root/nltk_data...;
[nltk_data]    |   Package chat80 is already up-to-date!;
[nltk_data]    | Downloading package city_database to;
[nltk_data]    |     /root/nltk_data...;
[nltk_data]    |   Package city_database is already up-to-date!;
[nltk_data]    | Downloading package cmudict to /root/nltk_data...;
[nltk_data]    |   Package cmudict is already up-to-date!;
[nltk_data]    | Downloading package comparative_sentences to;
[nltk_data]    |     /root/nltk_data...;
[nltk_data]    |   Package comparative_sentences is already up-to-;
[nltk_data]    |       date!;
[nltk_data]    | Downloading package comtrans to /root/nltk_data...;
[nltk_data]    | Downloading package conll2000 to /root/nltk_data...;
[nltk_data]    |   Package conll2000 is already up-to-date!;
[nltk_data]    | Downloading package conll2002 to /root/nltk_data...;
[nltk_data]    |   Package conll2002 is already up-to-date!;
[nltk_data]    | Downloading package conll2007 to /root/nltk_data...;
[nltk_data]    | Downloading package crubadan to /root/nltk_data...;
[nltk_data]    |   Package crubadan is already up-to-date!;
[nltk_data]    | Downloading package dependency_treebank to;
[nltk_data]    |     /root/nltk_data...;
[nltk_data]    |   Package dependency_treebank is already up-to-date!;
[nltk_data]    | Downloading package dolch to /root/nltk_data...;
[nltk_data]    |   Unzipping corpora/dolch.zip.;
[nltk_data]    | Downloading package europarl_raw to;
[nltk_data]    |     /root/nltk_data...;
[nltk_data]    |   Unzipping corpora/europarl_raw.zip.;
[nltk_data]    | Downloading package extended_omw to;
[nltk_data]    |     /root/nltk_data...;
[nltk_data]    | Downloading package floresta to /root/nltk_data...;
[nltk_data]    |   Unzipping corpora/floresta.zip.;
[nltk_data]    | Downloading package framenet_v15 to;
[nltk_data]    |     /root/nltk_data...;
[nltk_data]    |   Unzipping corpora/framenet_v15.zip.;
[nltk_data]    | Downloading package framenet_v17 to;
[nltk_data]    |     /root/nltk_data...;
[nltk_data]    |   Package framenet_v17 is already up-to-date!;
[nltk_data]    | Downloading package gazetteers to /root/nltk_data...;
[nltk_data]    |   Unzipping corpora/gazetteers.zip.;
[nltk_data]    | Downloading package genesis to /root/nltk_data...;
[nltk_data]    |   Package genesis is already up-to-date!;
[nltk_data]    | Downloading package gutenberg to /root/nltk_data...;
[nltk_data]    |   Package gutenberg is already up-to-date!;
[nltk_data]    | Downloading package ieer to /root/nltk_data...;
[nltk_data]    |   Package ieer is already up-to-date!;
[nltk_data]    | Downloading package inaugural to /root/nltk_data...;
[nltk_data]    |   Package inaugural is already up-to-date!;
[nltk_data]    | Downloading package indian to /root/nltk_data...;
[nltk_data]    |   Unzipping corpora/indian.zip.;
[nltk_data]    | Downloading package jeita to /root/nltk_data...;
[nltk_data]    | Downloading package kimmo to /root/nltk_data...;
[nltk_data]    |   Unzipping corpora/kimmo.zip.;
[nltk_data]    | Downloading package knbc to /root/nltk_data...;
[nltk_data]    | Downloading package lin_thesaurus to;
[nltk_data]    |     /root/nltk_data...;
[nltk_data]    |   Unzipping corpora/lin_thesaurus.zip.;
[nltk_data]    | Downloading package mac_morpho to /root/nltk_data...;
[nltk_data]    |   Unzipping corpora/mac_morpho.zip.;
[nltk_data]    | Downloading package machado to /root/nltk_data...;
[nltk_data]    | Downloading package masc_tagged to /root/nltk_data...;
[nltk_data]    | Downloading package movie_reviews to;
[nltk_data]    |     /root/nltk_data...;
[nltk_data]    |   Package movie_reviews is already up-to-date!;
[nltk_data]    | Downloading package mte_teip5 to /root/nltk_data...;
[nltk_data]    |   Package mte_teip5 is already up-to-date!;
[nltk_data]    | Downloading package names to /root/nltk_data...;
[nltk_data]    |   Package names is already up-to-date!;
[nltk_data]    | Downloading package nombank.1.0 to /root/nltk_data...;
[nltk_data]    | Downloading package nonbreaking_prefixes to;
[nltk_data]    |     /root/nltk_data...;
[nltk_data]    |   Package nonbreaking_prefixes is already up-to-date!;
[nltk_data]    | Downloading package nps_chat to /root/nltk_data...;
[nltk_data]    |   Package nps_chat is already up-to-date!;
[nltk_data]    | Downloading package omw to /root/nltk_data...;
[nltk_data]    | Downloading package omw-1.4 to /root/nltk_data...;
[nltk_data]    | Downloading package opinion_lexicon to;
[nltk_data]    |     /root/nltk_data...;
[nltk_data]    |   Package opinion_lexicon is already up-to-date!;
[nltk_data]    | Downloading package panlex_swadesh to;
[nltk_data]    |     /root/nltk_data...;
[nltk_data]    |   Package panlex_swadesh is already up-to-date!;
[nltk_data]    | Downloading package paradigms to /root/nltk_data...;
[nltk_data]    |   Unzipping corpora/paradigms.zip.;
[nltk_data]    | Downloading package pe08 to /root/nltk_data...;
[nltk_data]    |   Unzipping corpora/pe08.zip.;
[nltk_data]    | Downloading package pil to /root/nltk_data...;
[nltk_data]    |   Unzipping corpora/pil.zip.;
[nltk_data]    | Downloading package pl196x to /root/nltk_data...;
[nltk_data]    |   Unzipping corpora/pl196x.zip.;
[nltk_data]    | Downloading package ppattach to /root/nltk_data...;
[nltk_data]    |   Package ppattach is already up-to-date!;
[nltk_data]    | Downloading package problem_reports to;
[nltk_data]    |     /root/nltk_data...;
[nltk_data]    |   Unzipping corpora/problem_reports.zip.;
[nltk_data]    | Downloading package product_reviews_1 to;
[nltk_data]    |     /root/nltk_data...;
[nltk_data]    |   Package product_reviews_1 is already up-to-date!;
[nltk_data]    | Downloading package product_reviews_2 to;
[nltk_data]    |     /root/nltk_data...;
[nltk_data]    |   Package product_reviews_2 is already up-to-date!;
[nltk_data]    | Downloading package propbank to /root/nltk_data...;
[nltk_data]    | Downloading package pros_cons to /root/nltk_data...;
[nltk_data]    |   Package pros_cons is already up-to-date!;
[nltk_data]    | Downloading package ptb to /root/nltk_data...;
[nltk_data]    |   Unzipping corpora/ptb.zip.;
[nltk_data]    | Downloading package qc to /root/nltk_data...;
[nltk_data]    |   Unzipping corpora/qc.zip.;
[nltk_data]    | Downloading package reuters to /root/nltk_data...;
[nltk_data]    |   Package reuters is already up-to-date!;
[nltk_data]    | Downloading package rte to /root/nltk_data...;
[nltk_data]    |   Unzipping corpora/rte.zip.;
[nltk_data]    | Downloading package semcor to /root/nltk_data...;
[nltk_data]    | Downloading package senseval to /root/nltk_data...;
[nltk_data]    |   Package senseval is already up-to-date!;
[nltk_data]    | Downloading package sentence_polarity to;
[nltk_data]    |     /root/nltk_data...;
[nltk_data]    |   Package sentence_polarity is already up-to-date!;
[nltk_data]    | Downloading package sentiwordnet to;
[nltk_data]    |     /root/nltk_data...;
[nltk_data]    |   Unzipping corpora/sentiwordnet.zip.;
[nltk_data]    | Downloading package shakespeare to /root/nltk_data...;
[nltk_data]    |   Unzipping corpora/shakespeare.zip.;
[nltk_data]    | Downloading package sinica_treebank to;
[nltk_data]    |     /root/nltk_data...;
[nltk_data]    |   Unzipping corpora/sinica_treebank.zip.;
[nltk_data]    | Downloading package smultron to /root/nltk_data...;
[nltk_data]    |   Unzipping corpora/smultron.zip.;
[nltk_data]    | Downloading package state_union to /root/nltk_data...;
[nltk_data]    |   Package state_union is already up-to-date!;
[nltk_data]    | Downloading package stopwords to /root/nltk_data...;
[nltk_data]    |   Package stopwords is already up-to-date!;
[nltk_data]    | Downloading package subjectivity to;
[nltk_data]    |     /root/nltk_data...;
[nltk_data]    |   Package subjectivity is already up-to-date!;
[nltk_data]    | Downloading package swadesh to /root/nltk_data...;
[nltk_data]    |   Package swadesh is already up-to-date!;
[nltk_data]    | Downloading package switchboard to /root/nltk_data...;
[nltk_data]    |   Unzipping corpora/switchboard.zip.;
[nltk_data]    | Downloading package timit to /root/nltk_data...;
[nltk_data]    |   Package timit is already up-to-date!;
[nltk_data]    | Downloading package toolbox to /root/nltk_data...;
[nltk_data]    |   Package toolbox is already up-to-date!;
[nltk_data]    | Downloading package treebank to /root/nltk_data...;
[nltk_data]    |   Package treebank is already up-to-date!;
[nltk_data]    | Downloading package twitter_samples to;
[nltk_data]    |     /root/nltk_data...;
[nltk_data]    |   Package twitter_samples is already up-to-date!;
[nltk_data]    | Downloading package udhr to /root/nltk_data...;
[nltk_data]    |   Package udhr is already up-to-date!;
[nltk_data]    | Downloading package udhr2 to /root/nltk_data...;
[nltk_data]    |   Package udhr2 is already up-to-date!;
[nltk_data]    | Downloading package unicode_samples to;
[nltk_data]    |     /root/nltk_data...;
[nltk_data]    |   Package unicode_samples is already up-to-date!;
[nltk_data]    | Downloading package universal_treebanks_v20 to;
[nltk_data]    |     /root/nltk_data...;
[nltk_data]    |   Package universal_treebanks_v20 is already up-to-;
[nltk_data]    |       date!;
[nltk_data]    | Downloading package verbnet to /root/nltk_data...;
[nltk_data]    |   Unzipping corpora/verbnet.zip.;
[nltk_data]    | Downloading package verbnet3 to /root/nltk_data...;
[nltk_data]    |   Unzipping corpora/verbnet3.zip.;
[nltk_data]    | Downloading package webtext to /root/nltk_data...;
[nltk_data]    |   Package webtext is already up-to-date!;
[nltk_data]    | Downloading package wordnet to /root/nltk_data...;
[nltk_data]    |   Package wordnet is already up-to-date!;
[nltk_data]    | Downloading package wordnet2021 to /root/nltk_data...;
[nltk_data]    | Downloading package wordnet31 to /root/nltk_data...;
[nltk_data]    | Downloading package wordnet_ic to /root/nltk_data...;
[nltk_data]    |   Package wordnet_ic is already up-to-date!;
[nltk_data]    | Downloading package words to /root/nltk_data...;
[nltk_data]    |   Package words is already up-to-date!;
[nltk_data]    | Downloading package ycoe to /root/nltk_data...;
[nltk_data]    |   Unzipping corpora/ycoe.zip.;
[nltk_data]    | ;
[nltk_data]  Done downloading collection all-corpora;
TRUE;
# impor word_tokenize dari modul nltk;
from nltk.tokenize import sent_tokenize, word_tokenize;
"kalimat = ""3.0 Berkunjung ke kota Pati, karena masih kenyang pesen bakso pangsit kuah, over all enak. Tapi... Mangkok yang disajikan ke saya cuil/gompal... Tentu terasa TDK nyaman... Hendak minta ganti mangkok tapi sungkan... Es tehnya jumbo... Tapi bagi saya kurang manis... Kunjungan pertama ini sy kasih bintang 3... Parkir space nya sdikit baik mobil dan motor... Kebetulan musim hujan... Yang bawa motor... Motornya kehujanan... Terima kasih... RESTO SURYA termasuk rekomendasi tempat makan yang nyaman dan bersih... Dari menu makanan nya menyehatkan dan lezat.2.0""";
tokens = word_tokenize(kalimat);
print(tokens);
['3.0', 'Berkunjung', 'ke', 'kota', 'Pati', ',', 'karena', 'masih', 'kenyang', 'pesen', 'bakso', 'pangsit', 'kuah', ',', 'over', 'all', 'enak', '.', 'Tapi', '...', 'Mangkok', 'yang', 'disajikan', 'ke', 'saya', 'cuil/gompal', '...', 'Tentu', 'terasa', 'TDK', 'nyaman', '...', 'Hendak', 'minta', 'ganti', 'mangkok', 'tapi', 'sungkan', '...', 'Es', 'tehnya', 'jumbo', '...', 'Tapi', 'bagi', 'saya', 'kurang', 'manis', '...', 'Kunjungan', 'pertama', 'ini', 'sy', 'kasih', 'bintang', '3', '...', 'Parkir', 'space', 'nya', 'sdikit', 'baik', 'mobil', 'dan', 'motor', '...', 'Kebetulan', 'musim', 'hujan', '...', 'Yang', 'bawa', 'motor', '...', 'Motornya', 'kehujanan', '...', 'Terima', 'kasih', '...', 'RESTO', 'SURYA', 'termasuk', 'rekomendasi', 'tempat', 'makan', 'yang', 'nyaman', 'dan', 'bersih', '...', 'Dari', 'menu', 'makanan', 'nya', 'menyehatkan', 'dan', 'lezat.2.0'];
# >>>>> STOPWORD REMOVAL(FILTERING) <<<<< #;
;
# Filtering dengan sastrawi;
!pip install Sastrawi;
Looking in indexes: https://pypi.org/simple, https://us-python.pkg.dev/colab-wheels/public/simple/;
Collecting Sastrawi;
  Downloading Sastrawi-1.0.1-py2.py3-none-any.whl (209 kB);
     |‚ñà‚ñà‚ñà‚ñà‚ñà‚ñà‚ñà‚ñà‚ñà‚ñà‚ñà‚ñà‚ñà‚ñà‚ñà‚ñà‚ñà‚ñà‚ñà‚ñà‚ñà‚ñà‚ñà‚ñà‚ñà‚ñà‚ñà‚ñà‚ñà‚ñà‚ñà‚ñà| 209 kB 5.2 MB/s ;
Installing collected packages: Sastrawi;
Successfully installed Sastrawi-1.0.1;
# Daftar stopword yang tersedia di library Sastrawi;
from Sastrawi.StopWordRemover.StopWordRemoverFactory import StopWordRemoverFactory;
factory = StopWordRemoverFactory();
stopwords = factory.get_stop_words();
print(stopwords);
['yang', 'untuk', 'pada', 'ke', 'para', 'namun', 'menurut', 'antara', 'dia', 'dua', 'ia', 'seperti', 'jika', 'jika', 'sehingga', 'kembali', 'dan', 'tidak', 'ini', 'karena', 'kepada', 'oleh', 'saat', 'harus', 'sementara', 'setelah', 'belum', 'kami', 'sekitar', 'bagi', 'serta', 'di', 'dari', 'telah', 'sebagai', 'masih', 'hal', 'ketika', 'adalah', 'itu', 'dalam', 'bisa', 'bahwa', 'atau', 'hanya', 'kita', 'dengan', 'akan', 'juga', 'ada', 'mereka', 'sudah', 'saya', 'terhadap', 'secara', 'agar', 'lain', 'anda', 'begitu', 'mengapa', 'kenapa', 'yaitu', 'yakni', 'daripada', 'itulah', 'lagi', 'maka', 'tentang', 'demi', 'dimana', 'kemana', 'pula', 'sambil', 'sebelum', 'sesudah', 'supaya', 'guna', 'kah', 'pun', 'sampai', 'sedangkan', 'selagi', 'sementara', 'tetapi', 'apakah', 'kecuali', 'sebab', 'selain', 'seolah', 'seraya', 'seterusnya', 'tanpa', 'agak', 'boleh', 'dapat', 'dsb', 'dst', 'dll', 'dahulu', 'dulunya', 'anu', 'demikian', 'tapi', 'ingin', 'juga', 'nggak', 'mari', 'nanti', 'melainkan', 'oh', 'ok', 'seharusnya', 'sebetulnya', 'setiap', 'setidaknya', 'sesuatu', 'pasti', 'saja', 'toh', 'ya', 'walau', 'tolong', 'tentu', 'amat', 'apalagi', 'bagaimanapun'];
# imort StopWordRemoverFactory class;
from Sastrawi.StopWordRemover.StopWordRemoverFactory import StopWordRemoverFactory;
factory = StopWordRemoverFactory();
stopword = factory.create_stop_word_remover();
# Kalimat;
"kalimat = ""3.0 Berkunjung ke kota Pati, karena masih kenyang pesen bakso pangsit kuah, over all enak. Tapi... Mangkok yang disajikan ke saya cuil/gompal... Tentu terasa TDK nyaman... Hendak minta ganti mangkok tapi sungkan... Es tehnya jumbo... Tapi bagi saya kurang manis... Kunjungan pertama ini sy kasih bintang 3... Parkir space nya sdikit baik mobil dan motor... Kebetulan musim hujan... Yang bawa motor... Motornya kehujanan... Terima kasih... RESTO SURYA termasuk rekomendasi tempat makan yang nyaman dan bersih... Dari menu makanan nya menyehatkan dan lezat.2.0""";
stop = stopword.remove(kalimat);
print(stop);
3.0 Berkunjung kota Pati, masih kenyang pesen bakso pangsit kuah, over all enak. Tapi... Mangkok disajikan saya cuil/gompal... Tentu terasa TDK nyaman... Hendak minta ganti mangkok sungkan... Es tehnya jumbo... Tapi saya kurang manis... Kunjungan pertama sy kasih bintang 3... Parkir space nya sdikit baik mobil motor... Kebetulan musim hujan... Yang bawa motor... Motornya kehujanan... Terima kasih... RESTO SURYA termasuk rekomendasi tempat makan nyaman bersih... Dari menu makanan nya menyehatkan lezat.2.0;
# ==== STEMMING ==== #;
;
# Stemming dengan sastrawi;
!pip install Sastrawi;
Looking in indexes: https://pypi.org/simple, https://us-python.pkg.dev/colab-wheels/public/simple/;
Requirement already satisfied: Sastrawi in /usr/local/lib/python3.7/dist-packages (1.0.1);
# import StemmerFactory class;
from Sastrawi.Stemmer.StemmerFactory import StemmerFactory ;
factory = StemmerFactory();
stemmer = factory.create_stemmer();
kalimat = 'Enaakk but aku lupa lagi sakit lambung ..jadi makannya sambil was was ..hihiw ..tp uenakk recommend üôè';
hasil = stemmer.stem(kalimat);
print(hasil);
enaakk but aku lupa lagi sakit lambung jadi makan sambil was was hihiw tp uenakk recommend;
